[2025-11-22 11:27:21] Cron iniciado.
[2025-11-22 11:27:21] Config carregada: intervalo=1h, email=backupconectaosc@iteva.org.br
[2025-11-22 11:27:21] Diferença de horas desde último backup: 0.67861111111111
[2025-11-22 11:27:21] Ainda não atingiu o intervalo necessário.
[2025-11-22 11:27:44] Cron iniciado.
[2025-11-22 11:27:44] Config carregada: intervalo=1h, email=backupconectaosc@iteva.org.br
[2025-11-22 11:27:44] Diferença de horas desde último backup: 24.685
[2025-11-22 11:27:44] Tempo suficiente, vai rodar backup.
[2025-11-22 11:27:44] Executando comando mysqldump: mysqldump -u mwtech63_admin_matricula -pIteva@100 mwtech63_matricula > /home1/mwtech63/iteva.com.br/conectaosc/app/backup/backup_2025-11-22_11-27-44.sql
[2025-11-22 11:27:45] Arquivo de backup gerado com sucesso.
[2025-11-22 11:27:45] Tentando enviar e-mail para backupconectaosc@iteva.org.br...
[2025-11-22 11:27:45] E-mail enviado com sucesso!
[2025-11-22 11:27:45] Arquivo temporário apagado.
[2025-11-22 11:27:45] Iniciando backup das fotos...
[2025-11-22 11:27:48] Backup das fotos ZIP concluído (602 arquivos). Arquivo salvo em: /home1/mwtech63/iteva.com.br/conectaosc/app/backup/fotos/fotos_backup_2025-11-22_11-27-44.zip
[2025-11-22 11:27:48] Iniciando limpeza de ZIPs antigos...
[2025-11-22 11:27:48] Limpeza concluída. Total removido: 0 ZIPs antigos.
[2025-11-22 11:27:48] Timestamp atualizado. Processo finalizado.


[2025-11-22 11:49:02] Cron iniciado.
[2025-11-22 11:49:02] Config carregada: intervalo=1h, email=backupconectaosc@iteva.org.br
[2025-11-22 11:49:02] Diferença de horas desde último backup: 1.2333333333333
[2025-11-22 11:49:02] Tempo suficiente, vai rodar backup.
[2025-11-22 11:49:02] Executando comando mysqldump: mysqldump -u mwtech63_admin_matricula -pIteva@100 mwtech63_matricula > /home1/mwtech63/iteva.com.br/conectaosc/app/backup/backup_2025-11-22_11-49-02.sql
[2025-11-22 11:49:03] Arquivo de backup gerado com sucesso.
[2025-11-22 11:49:03] Tentando enviar e-mail para backupconectaosc@iteva.org.br...
[2025-11-22 11:49:03] E-mail enviado com sucesso!
[2025-11-22 11:49:03] Arquivo temporário apagado.
[2025-11-22 11:49:03] Iniciando backup das fotos...
[2025-11-22 11:49:06] Backup das fotos ZIP concluído (602 arquivos). Arquivo salvo em: /home1/mwtech63/iteva.com.br/conectaosc/app/backup/fotos/fotos_backup_2025-11-22_11-49-02.zip
[2025-11-22 11:49:06] Iniciando limpeza de ZIPs antigos...
[2025-11-22 11:49:06] Limpeza concluída. Total removido: 0 ZIPs antigos.
[2025-11-22 11:49:06] Timestamp atualizado. Processo finalizado.


[2025-11-22 11:50:01] Cron iniciado.
[2025-11-22 11:50:01] Config carregada: intervalo=1h, email=backupconectaosc@iteva.org.br
[2025-11-22 11:50:01] Diferença de horas desde último backup: 0.015277777777778
[2025-11-22 11:50:01] Ainda não atingiu o intervalo necessário.
[2025-11-22 11:51:02] Cron iniciado.
[2025-11-22 11:51:02] Config carregada: intervalo=1h, email=backupconectaosc@iteva.org.br
[2025-11-22 11:51:02] Diferença de horas desde último backup: 0.032222222222222
[2025-11-22 11:51:02] Ainda não atingiu o intervalo necessário.
[2025-11-22 11:52:01] Cron iniciado.
[2025-11-22 11:52:01] Config carregada: intervalo=1h, email=backupconectaosc@iteva.org.br
[2025-11-22 11:52:01] Diferença de horas desde último backup: 0.048611111111111
[2025-11-22 11:52:01] Ainda não atingiu o intervalo necessário.
[2025-11-22 11:53:01] Cron iniciado.
[2025-11-22 11:53:01] Config carregada: intervalo=1h, email=backupconectaosc@iteva.org.br
[2025-11-22 11:53:01] Diferença de horas desde último backup: 0.065277777777778
[2025-11-22 11:53:01] Ainda não atingiu o intervalo necessário.
[2025-11-22 11:54:02] Cron iniciado.
[2025-11-22 11:54:02] Config carregada: intervalo=6h, email=backupconectaosc@iteva.org.br
[2025-11-22 11:54:02] Diferença de horas desde último backup: 0.082222222222222
[2025-11-22 11:54:02] Ainda não atingiu o intervalo necessário.
[2025-11-22 12:00:02] Cron iniciado.
[2025-11-22 12:00:02] Config carregada: intervalo=6h, email=backupconectaosc@iteva.org.br
[2025-11-22 12:00:02] Diferença de horas desde último backup: 24.182222222222
[2025-11-22 12:00:02] Tempo suficiente, vai rodar backup.
[2025-11-22 12:00:02] Executando comando mysqldump: mysqldump -u mwtech63_admin_matricula -pIteva@100 mwtech63_matricula > /home1/mwtech63/iteva.com.br/conectaosc/app/backup/backup_2025-11-22_12-00-02.sql
[2025-11-22 12:00:04] Arquivo de backup gerado com sucesso.
[2025-11-22 12:00:04] Tentando enviar e-mail para backupconectaosc@iteva.org.br...
[2025-11-22 12:00:05] E-mail enviado com sucesso!
[2025-11-22 12:00:05] Arquivo temporário apagado.
[2025-11-22 12:00:05] Iniciando backup das fotos...
[2025-11-22 12:00:09] Backup das fotos ZIP concluído (602 arquivos). Arquivo salvo em: /home1/mwtech63/iteva.com.br/conectaosc/app/backup/fotos/fotos_backup_2025-11-22_12-00-02.zip
[2025-11-22 12:00:09] Iniciando limpeza de ZIPs antigos...
[2025-11-22 12:00:09] Limpeza concluída. Total removido: 0 ZIPs antigos.
[2025-11-22 12:00:09] Timestamp atualizado. Processo finalizado.


[2025-11-22 13:00:02] Cron iniciado.
[2025-11-22 13:00:02] Config carregada: intervalo=6h, email=backupconectaosc@iteva.org.br
[2025-11-22 13:00:02] Diferença de horas desde último backup: 0.99805555555556
[2025-11-22 13:00:02] Ainda não atingiu o intervalo necessário.
[2025-11-22 14:00:02] Cron iniciado.
[2025-11-22 14:00:02] Config carregada: intervalo=6h, email=backupconectaosc@iteva.org.br
[2025-11-22 14:00:02] Diferença de horas desde último backup: 1.9980555555556
[2025-11-22 14:00:02] Ainda não atingiu o intervalo necessário.
[2025-11-22 15:00:02] Cron iniciado.
[2025-11-22 15:00:02] Config carregada: intervalo=6h, email=backupconectaosc@iteva.org.br
[2025-11-22 15:00:02] Diferença de horas desde último backup: 2.9980555555556
[2025-11-22 15:00:02] Ainda não atingiu o intervalo necessário.
[2025-11-22 16:00:02] Cron iniciado.
[2025-11-22 16:00:02] Config carregada: intervalo=6h, email=backupconectaosc@iteva.org.br
[2025-11-22 16:00:02] Diferença de horas desde último backup: 3.9980555555556
[2025-11-22 16:00:02] Ainda não atingiu o intervalo necessário.
[2025-11-22 17:00:02] Cron iniciado.
[2025-11-22 17:00:02] Config carregada: intervalo=6h, email=backupconectaosc@iteva.org.br
[2025-11-22 17:00:02] Diferença de horas desde último backup: 4.9980555555556
[2025-11-22 17:00:02] Ainda não atingiu o intervalo necessário.
[2025-11-22 18:00:02] Cron iniciado.
[2025-11-22 18:00:02] Config carregada: intervalo=6h, email=backupconectaosc@iteva.org.br
[2025-11-22 18:00:02] Diferença de horas desde último backup: 5.9980555555556
[2025-11-22 18:00:02] Ainda não atingiu o intervalo necessário.
[2025-11-22 19:00:02] Cron iniciado.
[2025-11-22 19:00:02] Config carregada: intervalo=6h, email=backupconectaosc@iteva.org.br
[2025-11-22 19:00:02] Diferença de horas desde último backup: 6.9980555555556
[2025-11-22 19:00:02] Tempo suficiente, vai rodar backup.
[2025-11-22 19:00:02] Executando comando mysqldump: mysqldump -u mwtech63_admin_matricula -pIteva@100 mwtech63_matricula > /home1/mwtech63/iteva.com.br/conectaosc/app/backup/backup_2025-11-22_19-00-02.sql
[2025-11-22 19:00:04] Arquivo de backup gerado com sucesso.
[2025-11-22 19:00:04] Tentando enviar e-mail para backupconectaosc@iteva.org.br...
[2025-11-22 19:00:04] E-mail enviado com sucesso!
[2025-11-22 19:00:04] Arquivo temporário apagado.
[2025-11-22 19:00:04] Iniciando backup das fotos...
[2025-11-22 19:00:08] Backup das fotos ZIP concluído (602 arquivos). Arquivo salvo em: /home1/mwtech63/iteva.com.br/conectaosc/app/backup/fotos/fotos_backup_2025-11-22_19-00-02.zip
[2025-11-22 19:00:08] Iniciando limpeza de ZIPs antigos...
[2025-11-22 19:00:08] Limpeza concluída. Total removido: 0 ZIPs antigos.
[2025-11-22 19:00:08] Timestamp atualizado. Processo finalizado.


[2025-11-22 20:00:02] Cron iniciado.
[2025-11-22 20:00:02] Config carregada: intervalo=6h, email=backupconectaosc@iteva.org.br
[2025-11-22 20:00:02] Diferença de horas desde último backup: 0.99833333333333
[2025-11-22 20:00:02] Ainda não atingiu o intervalo necessário.
[2025-11-22 21:00:02] Cron iniciado.
[2025-11-22 21:00:02] Config carregada: intervalo=6h, email=backupconectaosc@iteva.org.br
[2025-11-22 21:00:02] Diferença de horas desde último backup: 1.9983333333333
[2025-11-22 21:00:02] Ainda não atingiu o intervalo necessário.
[2025-11-22 22:00:02] Cron iniciado.
[2025-11-22 22:00:02] Config carregada: intervalo=6h, email=backupconectaosc@iteva.org.br
[2025-11-22 22:00:02] Diferença de horas desde último backup: 2.9983333333333
[2025-11-22 22:00:02] Ainda não atingiu o intervalo necessário.
[2025-11-22 23:00:02] Cron iniciado.
[2025-11-22 23:00:02] Config carregada: intervalo=6h, email=backupconectaosc@iteva.org.br
[2025-11-22 23:00:02] Diferença de horas desde último backup: 3.9983333333333
[2025-11-22 23:00:02] Ainda não atingiu o intervalo necessário.
[2025-11-23 00:00:02] Cron iniciado.
[2025-11-23 00:00:02] Config carregada: intervalo=6h, email=backupconectaosc@iteva.org.br
[2025-11-23 00:00:02] Diferença de horas desde último backup: 4.9983333333333
[2025-11-23 00:00:02] Ainda não atingiu o intervalo necessário.
[2025-11-23 01:00:02] Cron iniciado.
[2025-11-23 01:00:02] Config carregada: intervalo=6h, email=backupconectaosc@iteva.org.br
[2025-11-23 01:00:02] Diferença de horas desde último backup: 5.9983333333333
[2025-11-23 01:00:02] Ainda não atingiu o intervalo necessário.
[2025-11-23 02:00:02] Cron iniciado.
[2025-11-23 02:00:02] Config carregada: intervalo=6h, email=backupconectaosc@iteva.org.br
[2025-11-23 02:00:02] Diferença de horas desde último backup: 6.9983333333333
[2025-11-23 02:00:02] Tempo suficiente, vai rodar backup.
[2025-11-23 02:00:02] Executando comando mysqldump: mysqldump -u mwtech63_admin_matricula -pIteva@100 mwtech63_matricula > /home1/mwtech63/iteva.com.br/conectaosc/app/backup/backup_2025-11-23_02-00-02.sql
[2025-11-23 02:00:05] Arquivo de backup gerado com sucesso.
[2025-11-23 02:00:05] Tentando enviar e-mail para backupconectaosc@iteva.org.br...
[2025-11-23 02:00:05] E-mail enviado com sucesso!
[2025-11-23 02:00:05] Arquivo temporário apagado.
[2025-11-23 02:00:05] Iniciando backup das fotos...
[2025-11-23 02:00:09] Backup das fotos ZIP concluído (602 arquivos). Arquivo salvo em: /home1/mwtech63/iteva.com.br/conectaosc/app/backup/fotos/fotos_backup_2025-11-23_02-00-02.zip
[2025-11-23 02:00:09] Iniciando limpeza de ZIPs antigos...
[2025-11-23 02:00:09] Limpeza concluída. Total removido: 0 ZIPs antigos.
[2025-11-23 02:00:09] Timestamp atualizado. Processo finalizado.


[2025-11-23 03:00:02] Cron iniciado.
[2025-11-23 03:00:02] Config carregada: intervalo=6h, email=backupconectaosc@iteva.org.br
[2025-11-23 03:00:02] Diferença de horas desde último backup: 0.99805555555556
[2025-11-23 03:00:02] Ainda não atingiu o intervalo necessário.
[2025-11-23 04:00:02] Cron iniciado.
[2025-11-23 04:00:02] Config carregada: intervalo=6h, email=backupconectaosc@iteva.org.br
[2025-11-23 04:00:02] Diferença de horas desde último backup: 1.9980555555556
[2025-11-23 04:00:02] Ainda não atingiu o intervalo necessário.
[2025-11-23 05:00:02] Cron iniciado.
[2025-11-23 05:00:02] Config carregada: intervalo=6h, email=backupconectaosc@iteva.org.br
[2025-11-23 05:00:02] Diferença de horas desde último backup: 2.9980555555556
[2025-11-23 05:00:02] Ainda não atingiu o intervalo necessário.
[2025-11-23 06:00:02] Cron iniciado.
[2025-11-23 06:00:02] Config carregada: intervalo=6h, email=backupconectaosc@iteva.org.br
[2025-11-23 06:00:02] Diferença de horas desde último backup: 3.9980555555556
[2025-11-23 06:00:02] Ainda não atingiu o intervalo necessário.
[2025-11-23 07:00:02] Cron iniciado.
[2025-11-23 07:00:02] Config carregada: intervalo=6h, email=backupconectaosc@iteva.org.br
[2025-11-23 07:00:02] Diferença de horas desde último backup: 4.9980555555556
[2025-11-23 07:00:02] Ainda não atingiu o intervalo necessário.
[2025-11-23 08:00:02] Cron iniciado.
[2025-11-23 08:00:02] Config carregada: intervalo=6h, email=backupconectaosc@iteva.org.br
[2025-11-23 08:00:02] Diferença de horas desde último backup: 5.9980555555556
[2025-11-23 08:00:02] Ainda não atingiu o intervalo necessário.
[2025-11-23 09:00:02] Cron iniciado.
[2025-11-23 09:00:02] Config carregada: intervalo=6h, email=backupconectaosc@iteva.org.br
[2025-11-23 09:00:02] Diferença de horas desde último backup: 6.9980555555556
[2025-11-23 09:00:02] Tempo suficiente, vai rodar backup.
[2025-11-23 09:00:02] Executando comando mysqldump: mysqldump -u mwtech63_admin_matricula -pIteva@100 mwtech63_matricula > /home1/mwtech63/iteva.com.br/conectaosc/app/backup/backup_2025-11-23_09-00-02.sql
[2025-11-23 09:00:05] Arquivo de backup gerado com sucesso.
[2025-11-23 09:00:05] Tentando enviar e-mail para backupconectaosc@iteva.org.br...
[2025-11-23 09:00:05] E-mail enviado com sucesso!
[2025-11-23 09:00:05] Arquivo temporário apagado.
[2025-11-23 09:00:05] Iniciando backup das fotos...
[2025-11-23 09:00:09] Backup das fotos ZIP concluído (602 arquivos). Arquivo salvo em: /home1/mwtech63/iteva.com.br/conectaosc/app/backup/fotos/fotos_backup_2025-11-23_09-00-02.zip
[2025-11-23 09:00:09] Iniciando limpeza de ZIPs antigos...
[2025-11-23 09:00:09] Limpeza concluída. Total removido: 0 ZIPs antigos.
[2025-11-23 09:00:09] Timestamp atualizado. Processo finalizado.


[2025-11-23 10:00:02] Cron iniciado.
[2025-11-23 10:00:02] Config carregada: intervalo=6h, email=backupconectaosc@iteva.org.br
[2025-11-23 10:00:02] Diferença de horas desde último backup: 0.99805555555556
[2025-11-23 10:00:02] Ainda não atingiu o intervalo necessário.
[2025-11-23 11:00:01] Cron iniciado.
[2025-11-23 11:00:01] Config carregada: intervalo=6h, email=backupconectaosc@iteva.org.br
[2025-11-23 11:00:01] Diferença de horas desde último backup: 1.9977777777778
[2025-11-23 11:00:01] Ainda não atingiu o intervalo necessário.
[2025-11-23 12:02:02] Cron iniciado.
[2025-11-23 12:02:02] Config carregada: intervalo=6h, email=backupconectaosc@iteva.org.br
[2025-11-23 12:02:02] Diferença de horas desde último backup: 3.0313888888889
[2025-11-23 12:02:02] Ainda não atingiu o intervalo necessário.
[2025-11-23 13:02:02] Cron iniciado.
[2025-11-23 13:02:02] Config carregada: intervalo=6h, email=backupconectaosc@iteva.org.br
[2025-11-23 13:02:02] Diferença de horas desde último backup: 4.0313888888889
[2025-11-23 13:02:02] Ainda não atingiu o intervalo necessário.
[2025-11-23 14:02:01] Cron iniciado.
[2025-11-23 14:02:01] Config carregada: intervalo=6h, email=backupconectaosc@iteva.org.br
[2025-11-23 14:02:01] Diferença de horas desde último backup: 5.0311111111111
[2025-11-23 14:02:01] Ainda não atingiu o intervalo necessário.
[2025-11-23 15:02:02] Cron iniciado.
[2025-11-23 15:02:02] Config carregada: intervalo=6h, email=backupconectaosc@iteva.org.br
[2025-11-23 15:02:02] Diferença de horas desde último backup: 6.0313888888889
[2025-11-23 15:02:02] Tempo suficiente, vai rodar backup.
[2025-11-23 15:02:02] Executando comando mysqldump: mysqldump -u mwtech63_admin_matricula -pIteva@100 mwtech63_matricula > /home1/mwtech63/iteva.com.br/conectaosc/app/backup/backup_2025-11-23_15-02-02.sql
[2025-11-23 15:02:03] Arquivo de backup gerado com sucesso.
[2025-11-23 15:02:03] Tentando enviar e-mail para backupconectaosc@iteva.org.br...
[2025-11-23 15:02:03] E-mail enviado com sucesso!
[2025-11-23 15:02:03] Arquivo temporário apagado.
[2025-11-23 15:02:03] Iniciando backup das fotos...
[2025-11-23 15:02:07] Backup das fotos ZIP concluído (602 arquivos). Arquivo salvo em: /home1/mwtech63/iteva.com.br/conectaosc/app/backup/fotos/fotos_backup_2025-11-23_15-02-02.zip
[2025-11-23 15:02:07] Iniciando limpeza de ZIPs antigos...
[2025-11-23 15:02:07] Limpeza concluída. Total removido: 0 ZIPs antigos.
[2025-11-23 15:02:07] Timestamp atualizado. Processo finalizado.


[2025-11-23 16:02:02] Cron iniciado.
[2025-11-23 16:02:02] Config carregada: intervalo=6h, email=backupconectaosc@iteva.org.br
[2025-11-23 16:02:02] Diferença de horas desde último backup: 0.99861111111111
[2025-11-23 16:02:02] Ainda não atingiu o intervalo necessário.
[2025-11-23 17:02:01] Cron iniciado.
[2025-11-23 17:02:01] Config carregada: intervalo=6h, email=backupconectaosc@iteva.org.br
[2025-11-23 17:02:01] Diferença de horas desde último backup: 1.9983333333333
[2025-11-23 17:02:01] Ainda não atingiu o intervalo necessário.
[2025-11-23 18:02:02] Cron iniciado.
[2025-11-23 18:02:02] Config carregada: intervalo=6h, email=backupconectaosc@iteva.org.br
[2025-11-23 18:02:02] Diferença de horas desde último backup: 2.9986111111111
[2025-11-23 18:02:02] Ainda não atingiu o intervalo necessário.
[2025-11-23 19:02:02] Cron iniciado.
[2025-11-23 19:02:02] Config carregada: intervalo=6h, email=backupconectaosc@iteva.org.br
[2025-11-23 19:02:02] Diferença de horas desde último backup: 3.9986111111111
[2025-11-23 19:02:02] Ainda não atingiu o intervalo necessário.
[2025-11-23 20:02:02] Cron iniciado.
[2025-11-23 20:02:02] Config carregada: intervalo=6h, email=backupconectaosc@iteva.org.br
[2025-11-23 20:02:02] Diferença de horas desde último backup: 4.9986111111111
[2025-11-23 20:02:02] Ainda não atingiu o intervalo necessário.
[2025-11-23 21:02:01] Cron iniciado.
[2025-11-23 21:02:02] Config carregada: intervalo=6h, email=backupconectaosc@iteva.org.br
[2025-11-23 21:02:02] Diferença de horas desde último backup: 5.9986111111111
[2025-11-23 21:02:02] Ainda não atingiu o intervalo necessário.
[2025-11-23 22:02:01] Cron iniciado.
[2025-11-23 22:02:01] Config carregada: intervalo=6h, email=backupconectaosc@iteva.org.br
[2025-11-23 22:02:01] Diferença de horas desde último backup: 6.9983333333333
[2025-11-23 22:02:01] Tempo suficiente, vai rodar backup.
[2025-11-23 22:02:01] Executando comando mysqldump: mysqldump -u mwtech63_admin_matricula -pIteva@100 mwtech63_matricula > /home1/mwtech63/iteva.com.br/conectaosc/app/backup/backup_2025-11-23_22-02-01.sql
[2025-11-23 22:02:03] Arquivo de backup gerado com sucesso.
[2025-11-23 22:02:03] Tentando enviar e-mail para backupconectaosc@iteva.org.br...
[2025-11-23 22:02:03] E-mail enviado com sucesso!
[2025-11-23 22:02:03] Arquivo temporário apagado.
[2025-11-23 22:02:03] Iniciando backup das fotos...
[2025-11-23 22:02:07] Backup das fotos ZIP concluído (603 arquivos). Arquivo salvo em: /home1/mwtech63/iteva.com.br/conectaosc/app/backup/fotos/fotos_backup_2025-11-23_22-02-01.zip
[2025-11-23 22:02:07] Iniciando limpeza de ZIPs antigos...
[2025-11-23 22:02:07] Limpeza concluída. Total removido: 0 ZIPs antigos.
[2025-11-23 22:02:07] Timestamp atualizado. Processo finalizado.


[2025-11-23 23:02:01] Cron iniciado.
[2025-11-23 23:02:01] Config carregada: intervalo=6h, email=backupconectaosc@iteva.org.br
[2025-11-23 23:02:01] Diferença de horas desde último backup: 0.99833333333333
[2025-11-23 23:02:01] Ainda não atingiu o intervalo necessário.
[2025-11-24 00:02:02] Cron iniciado.
[2025-11-24 00:02:02] Config carregada: intervalo=6h, email=backupconectaosc@iteva.org.br
[2025-11-24 00:02:02] Diferença de horas desde último backup: 1.9986111111111
[2025-11-24 00:02:02] Ainda não atingiu o intervalo necessário.
[2025-11-24 01:02:02] Cron iniciado.
[2025-11-24 01:02:02] Config carregada: intervalo=6h, email=backupconectaosc@iteva.org.br
[2025-11-24 01:02:02] Diferença de horas desde último backup: 2.9986111111111
[2025-11-24 01:02:02] Ainda não atingiu o intervalo necessário.
[2025-11-24 02:02:01] Cron iniciado.
[2025-11-24 02:02:01] Config carregada: intervalo=6h, email=backupconectaosc@iteva.org.br
[2025-11-24 02:02:01] Diferença de horas desde último backup: 3.9983333333333
[2025-11-24 02:02:01] Ainda não atingiu o intervalo necessário.
[2025-11-24 03:02:01] Cron iniciado.
[2025-11-24 03:02:01] Config carregada: intervalo=6h, email=backupconectaosc@iteva.org.br
[2025-11-24 03:02:01] Diferença de horas desde último backup: 4.9983333333333
[2025-11-24 03:02:01] Ainda não atingiu o intervalo necessário.
[2025-11-24 04:02:01] Cron iniciado.
[2025-11-24 04:02:01] Config carregada: intervalo=6h, email=backupconectaosc@iteva.org.br
[2025-11-24 04:02:01] Diferença de horas desde último backup: 5.9983333333333
[2025-11-24 04:02:01] Ainda não atingiu o intervalo necessário.
[2025-11-24 05:02:02] Cron iniciado.
[2025-11-24 05:02:02] Config carregada: intervalo=6h, email=backupconectaosc@iteva.org.br
[2025-11-24 05:02:02] Diferença de horas desde último backup: 6.9986111111111
[2025-11-24 05:02:02] Tempo suficiente, vai rodar backup.
[2025-11-24 05:02:02] Executando comando mysqldump: mysqldump -u mwtech63_admin_matricula -pIteva@100 mwtech63_matricula > /home1/mwtech63/iteva.com.br/conectaosc/app/backup/backup_2025-11-24_05-02-02.sql
[2025-11-24 05:02:03] Arquivo de backup gerado com sucesso.
[2025-11-24 05:02:03] Tentando enviar e-mail para backupconectaosc@iteva.org.br...
[2025-11-24 05:02:03] E-mail enviado com sucesso!
[2025-11-24 05:02:03] Arquivo temporário apagado.
[2025-11-24 05:02:03] Iniciando backup das fotos...
[2025-11-24 05:02:07] Backup das fotos ZIP concluído (603 arquivos). Arquivo salvo em: /home1/mwtech63/iteva.com.br/conectaosc/app/backup/fotos/fotos_backup_2025-11-24_05-02-02.zip
[2025-11-24 05:02:07] Iniciando limpeza de ZIPs antigos...
[2025-11-24 05:02:07] Limpeza concluída. Total removido: 0 ZIPs antigos.
[2025-11-24 05:02:07] Timestamp atualizado. Processo finalizado.


[2025-11-24 06:02:01] Cron iniciado.
[2025-11-24 06:02:02] Config carregada: intervalo=6h, email=backupconectaosc@iteva.org.br
[2025-11-24 06:02:02] Diferença de horas desde último backup: 0.99861111111111
[2025-11-24 06:02:02] Ainda não atingiu o intervalo necessário.
[2025-11-24 07:02:02] Cron iniciado.
[2025-11-24 07:02:02] Config carregada: intervalo=6h, email=backupconectaosc@iteva.org.br
[2025-11-24 07:02:02] Diferença de horas desde último backup: 1.9986111111111
[2025-11-24 07:02:02] Ainda não atingiu o intervalo necessário.
[2025-11-24 08:02:02] Cron iniciado.
[2025-11-24 08:02:02] Config carregada: intervalo=6h, email=backupconectaosc@iteva.org.br
[2025-11-24 08:02:02] Diferença de horas desde último backup: 2.9986111111111
[2025-11-24 08:02:02] Ainda não atingiu o intervalo necessário.
[2025-11-24 09:02:01] Cron iniciado.
[2025-11-24 09:02:01] Config carregada: intervalo=6h, email=backupconectaosc@iteva.org.br
[2025-11-24 09:02:01] Diferença de horas desde último backup: 3.9983333333333
[2025-11-24 09:02:01] Ainda não atingiu o intervalo necessário.
[2025-11-24 10:02:02] Cron iniciado.
[2025-11-24 10:02:02] Config carregada: intervalo=6h, email=backupconectaosc@iteva.org.br
[2025-11-24 10:02:02] Diferença de horas desde último backup: 4.9986111111111
[2025-11-24 10:02:02] Ainda não atingiu o intervalo necessário.
[2025-11-24 11:02:01] Cron iniciado.
[2025-11-24 11:02:01] Config carregada: intervalo=6h, email=backupconectaosc@iteva.org.br
[2025-11-24 11:02:01] Diferença de horas desde último backup: 5.9983333333333
[2025-11-24 11:02:01] Ainda não atingiu o intervalo necessário.
[2025-11-24 12:02:02] Cron iniciado.
[2025-11-24 12:02:02] Config carregada: intervalo=6h, email=backupconectaosc@iteva.org.br
[2025-11-24 12:02:02] Diferença de horas desde último backup: 6.9986111111111
[2025-11-24 12:02:02] Tempo suficiente, vai rodar backup.
[2025-11-24 12:02:02] Executando comando mysqldump: mysqldump -u mwtech63_admin_matricula -pIteva@100 mwtech63_matricula > /home1/mwtech63/iteva.com.br/conectaosc/app/backup/backup_2025-11-24_12-02-02.sql
[2025-11-24 12:02:04] Arquivo de backup gerado com sucesso.
[2025-11-24 12:02:04] Tentando enviar e-mail para backupconectaosc@iteva.org.br...
[2025-11-24 12:02:04] E-mail enviado com sucesso!
[2025-11-24 12:02:04] Arquivo temporário apagado.
[2025-11-24 12:02:04] Iniciando backup das fotos...
[2025-11-24 12:02:07] Backup das fotos ZIP concluído (604 arquivos). Arquivo salvo em: /home1/mwtech63/iteva.com.br/conectaosc/app/backup/fotos/fotos_backup_2025-11-24_12-02-02.zip
[2025-11-24 12:02:07] Iniciando limpeza de ZIPs antigos...
[2025-11-24 12:02:07] Limpeza concluída. Total removido: 0 ZIPs antigos.
[2025-11-24 12:02:07] Timestamp atualizado. Processo finalizado.


[2025-11-24 13:02:01] Cron iniciado.
[2025-11-24 13:02:01] Config carregada: intervalo=6h, email=backupconectaosc@iteva.org.br
[2025-11-24 13:02:01] Diferença de horas desde último backup: 0.99833333333333
[2025-11-24 13:02:01] Ainda não atingiu o intervalo necessário.
[2025-11-24 14:02:02] Cron iniciado.
[2025-11-24 14:02:02] Config carregada: intervalo=6h, email=backupconectaosc@iteva.org.br
[2025-11-24 14:02:02] Diferença de horas desde último backup: 1.9986111111111
[2025-11-24 14:02:02] Ainda não atingiu o intervalo necessário.
[2025-11-24 15:02:02] Cron iniciado.
[2025-11-24 15:02:02] Config carregada: intervalo=6h, email=backupconectaosc@iteva.org.br
[2025-11-24 15:02:02] Diferença de horas desde último backup: 2.9986111111111
[2025-11-24 15:02:02] Ainda não atingiu o intervalo necessário.
[2025-11-24 16:02:01] Cron iniciado.
[2025-11-24 16:02:01] Config carregada: intervalo=6h, email=backupconectaosc@iteva.org.br
[2025-11-24 16:02:01] Diferença de horas desde último backup: 3.9983333333333
[2025-11-24 16:02:01] Ainda não atingiu o intervalo necessário.
[2025-11-24 17:02:02] Cron iniciado.
[2025-11-24 17:02:02] Config carregada: intervalo=6h, email=backupconectaosc@iteva.org.br
[2025-11-24 17:02:02] Diferença de horas desde último backup: 4.9986111111111
[2025-11-24 17:02:02] Ainda não atingiu o intervalo necessário.
[2025-11-24 18:02:01] Cron iniciado.
[2025-11-24 18:02:01] Config carregada: intervalo=6h, email=backupconectaosc@iteva.org.br
[2025-11-24 18:02:01] Diferença de horas desde último backup: 5.9983333333333
[2025-11-24 18:02:01] Ainda não atingiu o intervalo necessário.
[2025-11-24 19:02:02] Cron iniciado.
[2025-11-24 19:02:02] Config carregada: intervalo=6h, email=backupconectaosc@iteva.org.br
[2025-11-24 19:02:02] Diferença de horas desde último backup: 6.9986111111111
[2025-11-24 19:02:02] Tempo suficiente, vai rodar backup.
[2025-11-24 19:02:02] Executando comando mysqldump: mysqldump -u mwtech63_admin_matricula -pIteva@100 mwtech63_matricula > /home1/mwtech63/iteva.com.br/conectaosc/app/backup/backup_2025-11-24_19-02-02.sql
[2025-11-24 19:02:04] Arquivo de backup gerado com sucesso.
[2025-11-24 19:02:04] Tentando enviar e-mail para backupconectaosc@iteva.org.br...
[2025-11-24 19:02:04] E-mail enviado com sucesso!
[2025-11-24 19:02:04] Arquivo temporário apagado.
[2025-11-24 19:02:04] Iniciando backup das fotos...
[2025-11-24 19:02:07] Backup das fotos ZIP concluído (605 arquivos). Arquivo salvo em: /home1/mwtech63/iteva.com.br/conectaosc/app/backup/fotos/fotos_backup_2025-11-24_19-02-02.zip
[2025-11-24 19:02:07] Iniciando limpeza de ZIPs antigos...
[2025-11-24 19:02:07] Limpeza concluída. Total removido: 0 ZIPs antigos.
[2025-11-24 19:02:07] Timestamp atualizado. Processo finalizado.


[2025-11-24 20:02:01] Cron iniciado.
[2025-11-24 20:02:01] Config carregada: intervalo=6h, email=backupconectaosc@iteva.org.br
[2025-11-24 20:02:01] Diferença de horas desde último backup: 0.99833333333333
[2025-11-24 20:02:01] Ainda não atingiu o intervalo necessário.
[2025-11-24 21:02:01] Cron iniciado.
[2025-11-24 21:02:01] Config carregada: intervalo=6h, email=backupconectaosc@iteva.org.br
[2025-11-24 21:02:01] Diferença de horas desde último backup: 1.9983333333333
[2025-11-24 21:02:01] Ainda não atingiu o intervalo necessário.
[2025-11-24 22:02:02] Cron iniciado.
[2025-11-24 22:02:02] Config carregada: intervalo=6h, email=backupconectaosc@iteva.org.br
[2025-11-24 22:02:02] Diferença de horas desde último backup: 2.9986111111111
[2025-11-24 22:02:02] Ainda não atingiu o intervalo necessário.
[2025-11-24 23:02:01] Cron iniciado.
[2025-11-24 23:02:01] Config carregada: intervalo=6h, email=backupconectaosc@iteva.org.br
[2025-11-24 23:02:01] Diferença de horas desde último backup: 3.9983333333333
[2025-11-24 23:02:01] Ainda não atingiu o intervalo necessário.
[2025-11-25 00:02:01] Cron iniciado.
[2025-11-25 00:02:01] Config carregada: intervalo=6h, email=backupconectaosc@iteva.org.br
[2025-11-25 00:02:01] Diferença de horas desde último backup: 4.9983333333333
[2025-11-25 00:02:01] Ainda não atingiu o intervalo necessário.
[2025-11-25 01:02:01] Cron iniciado.
[2025-11-25 01:02:01] Config carregada: intervalo=6h, email=backupconectaosc@iteva.org.br
[2025-11-25 01:02:01] Diferença de horas desde último backup: 5.9983333333333
[2025-11-25 01:02:01] Ainda não atingiu o intervalo necessário.
[2025-11-25 02:02:02] Cron iniciado.
[2025-11-25 02:02:02] Config carregada: intervalo=6h, email=backupconectaosc@iteva.org.br
[2025-11-25 02:02:02] Diferença de horas desde último backup: 6.9986111111111
[2025-11-25 02:02:02] Tempo suficiente, vai rodar backup.
[2025-11-25 02:02:02] Executando comando mysqldump: mysqldump -u mwtech63_admin_matricula -pIteva@100 mwtech63_matricula > /home1/mwtech63/iteva.com.br/conectaosc/app/backup/backup_2025-11-25_02-02-02.sql
[2025-11-25 02:02:04] Arquivo de backup gerado com sucesso.
[2025-11-25 02:02:04] Tentando enviar e-mail para backupconectaosc@iteva.org.br...
[2025-11-25 02:02:04] E-mail enviado com sucesso!
[2025-11-25 02:02:04] Arquivo temporário apagado.
[2025-11-25 02:02:04] Iniciando backup das fotos...
[2025-11-25 02:02:08] Backup das fotos ZIP concluído (605 arquivos). Arquivo salvo em: /home1/mwtech63/iteva.com.br/conectaosc/app/backup/fotos/fotos_backup_2025-11-25_02-02-02.zip
[2025-11-25 02:02:08] Iniciando limpeza de ZIPs antigos...
[2025-11-25 02:02:08] Limpeza concluída. Total removido: 0 ZIPs antigos.
[2025-11-25 02:02:08] Timestamp atualizado. Processo finalizado.


[2025-11-25 03:02:02] Cron iniciado.
[2025-11-25 03:02:02] Config carregada: intervalo=6h, email=backupconectaosc@iteva.org.br
[2025-11-25 03:02:02] Diferença de horas desde último backup: 0.99833333333333
[2025-11-25 03:02:02] Ainda não atingiu o intervalo necessário.
[2025-11-25 04:02:01] Cron iniciado.
[2025-11-25 04:02:01] Config carregada: intervalo=6h, email=backupconectaosc@iteva.org.br
[2025-11-25 04:02:01] Diferença de horas desde último backup: 1.9980555555556
[2025-11-25 04:02:01] Ainda não atingiu o intervalo necessário.
[2025-11-25 05:02:02] Cron iniciado.
[2025-11-25 05:02:02] Config carregada: intervalo=6h, email=backupconectaosc@iteva.org.br
[2025-11-25 05:02:02] Diferença de horas desde último backup: 2.9983333333333
[2025-11-25 05:02:02] Ainda não atingiu o intervalo necessário.
[2025-11-25 06:02:01] Cron iniciado.
[2025-11-25 06:02:01] Config carregada: intervalo=6h, email=backupconectaosc@iteva.org.br
[2025-11-25 06:02:01] Diferença de horas desde último backup: 3.9980555555556
[2025-11-25 06:02:01] Ainda não atingiu o intervalo necessário.
[2025-11-25 07:02:01] Cron iniciado.
[2025-11-25 07:02:01] Config carregada: intervalo=6h, email=backupconectaosc@iteva.org.br
[2025-11-25 07:02:01] Diferença de horas desde último backup: 4.9980555555556
[2025-11-25 07:02:01] Ainda não atingiu o intervalo necessário.
[2025-11-25 08:02:02] Cron iniciado.
[2025-11-25 08:02:02] Config carregada: intervalo=6h, email=backupconectaosc@iteva.org.br
[2025-11-25 08:02:02] Diferença de horas desde último backup: 5.9983333333333
[2025-11-25 08:02:02] Ainda não atingiu o intervalo necessário.
[2025-11-25 09:02:02] Cron iniciado.
[2025-11-25 09:02:02] Config carregada: intervalo=6h, email=backupconectaosc@iteva.org.br
[2025-11-25 09:02:02] Diferença de horas desde último backup: 6.9983333333333
[2025-11-25 09:02:02] Tempo suficiente, vai rodar backup.
[2025-11-25 09:02:02] Executando comando mysqldump: mysqldump -u mwtech63_admin_matricula -pIteva@100 mwtech63_matricula > /home1/mwtech63/iteva.com.br/conectaosc/app/backup/backup_2025-11-25_09-02-02.sql
[2025-11-25 09:02:05] Arquivo de backup gerado com sucesso.
[2025-11-25 09:02:05] Tentando enviar e-mail para backupconectaosc@iteva.org.br...
[2025-11-25 09:02:05] E-mail enviado com sucesso!
[2025-11-25 09:02:05] Arquivo temporário apagado.
[2025-11-25 09:02:05] Iniciando backup das fotos...
[2025-11-25 09:02:09] Backup das fotos ZIP concluído (606 arquivos). Arquivo salvo em: /home1/mwtech63/iteva.com.br/conectaosc/app/backup/fotos/fotos_backup_2025-11-25_09-02-02.zip
[2025-11-25 09:02:09] Iniciando limpeza de ZIPs antigos...
[2025-11-25 09:02:09] Limpeza concluída. Total removido: 0 ZIPs antigos.
[2025-11-25 09:02:09] Timestamp atualizado. Processo finalizado.


[2025-11-25 10:02:01] Cron iniciado.
[2025-11-25 10:02:01] Config carregada: intervalo=6h, email=backupconectaosc@iteva.org.br
[2025-11-25 10:02:01] Diferença de horas desde último backup: 0.99777777777778
[2025-11-25 10:02:01] Ainda não atingiu o intervalo necessário.
[2025-11-25 11:02:01] Cron iniciado.
[2025-11-25 11:02:01] Config carregada: intervalo=6h, email=backupconectaosc@iteva.org.br
[2025-11-25 11:02:01] Diferença de horas desde último backup: 1.9977777777778
[2025-11-25 11:02:01] Ainda não atingiu o intervalo necessário.
[2025-11-25 12:02:02] Cron iniciado.
[2025-11-25 12:02:02] Config carregada: intervalo=6h, email=backupconectaosc@iteva.org.br
[2025-11-25 12:02:02] Diferença de horas desde último backup: 2.9980555555556
[2025-11-25 12:02:02] Ainda não atingiu o intervalo necessário.
[2025-11-25 13:02:01] Cron iniciado.
[2025-11-25 13:02:01] Config carregada: intervalo=6h, email=backupconectaosc@iteva.org.br
[2025-11-25 13:02:01] Diferença de horas desde último backup: 3.9977777777778
[2025-11-25 13:02:01] Ainda não atingiu o intervalo necessário.
[2025-11-25 14:02:01] Cron iniciado.
[2025-11-25 14:02:01] Config carregada: intervalo=6h, email=backupconectaosc@iteva.org.br
[2025-11-25 14:02:01] Diferença de horas desde último backup: 4.9977777777778
[2025-11-25 14:02:01] Ainda não atingiu o intervalo necessário.
[2025-11-25 15:02:02] Cron iniciado.
[2025-11-25 15:02:02] Config carregada: intervalo=6h, email=backupconectaosc@iteva.org.br
[2025-11-25 15:02:02] Diferença de horas desde último backup: 5.9980555555556
[2025-11-25 15:02:02] Ainda não atingiu o intervalo necessário.
[2025-11-25 16:02:02] Cron iniciado.
[2025-11-25 16:02:02] Config carregada: intervalo=6h, email=backupconectaosc@iteva.org.br
[2025-11-25 16:02:02] Diferença de horas desde último backup: 6.9980555555556
[2025-11-25 16:02:02] Tempo suficiente, vai rodar backup.
[2025-11-25 16:02:02] Executando comando mysqldump: mysqldump -u mwtech63_admin_matricula -pIteva@100 mwtech63_matricula > /home1/mwtech63/iteva.com.br/conectaosc/app/backup/backup_2025-11-25_16-02-02.sql
[2025-11-25 16:02:03] Arquivo de backup gerado com sucesso.
[2025-11-25 16:02:03] Tentando enviar e-mail para backupconectaosc@iteva.org.br...
[2025-11-25 16:02:03] E-mail enviado com sucesso!
[2025-11-25 16:02:03] Arquivo temporário apagado.
[2025-11-25 16:02:03] Iniciando backup das fotos...
[2025-11-25 16:02:06] Backup das fotos ZIP concluído (611 arquivos). Arquivo salvo em: /home1/mwtech63/iteva.com.br/conectaosc/app/backup/fotos/fotos_backup_2025-11-25_16-02-02.zip
[2025-11-25 16:02:06] Iniciando limpeza de ZIPs antigos...
[2025-11-25 16:02:06] Limpeza concluída. Total removido: 0 ZIPs antigos.
[2025-11-25 16:02:06] Timestamp atualizado. Processo finalizado.


[2025-11-25 17:02:02] Cron iniciado.
[2025-11-25 17:02:02] Config carregada: intervalo=6h, email=backupconectaosc@iteva.org.br
[2025-11-25 17:02:02] Diferença de horas desde último backup: 0.99888888888889
[2025-11-25 17:02:02] Ainda não atingiu o intervalo necessário.
[2025-11-25 18:02:01] Cron iniciado.
[2025-11-25 18:02:01] Config carregada: intervalo=6h, email=backupconectaosc@iteva.org.br
[2025-11-25 18:02:01] Diferença de horas desde último backup: 1.9986111111111
[2025-11-25 18:02:01] Ainda não atingiu o intervalo necessário.
[2025-11-25 19:02:02] Cron iniciado.
[2025-11-25 19:02:02] Config carregada: intervalo=6h, email=backupconectaosc@iteva.org.br
[2025-11-25 19:02:02] Diferença de horas desde último backup: 2.9988888888889
[2025-11-25 19:02:02] Ainda não atingiu o intervalo necessário.
[2025-11-25 20:02:01] Cron iniciado.
[2025-11-25 20:02:01] Config carregada: intervalo=6h, email=backupconectaosc@iteva.org.br
[2025-11-25 20:02:01] Diferença de horas desde último backup: 3.9986111111111
[2025-11-25 20:02:01] Ainda não atingiu o intervalo necessário.
[2025-11-25 21:02:02] Cron iniciado.
[2025-11-25 21:02:02] Config carregada: intervalo=6h, email=backupconectaosc@iteva.org.br
[2025-11-25 21:02:02] Diferença de horas desde último backup: 4.9988888888889
[2025-11-25 21:02:02] Ainda não atingiu o intervalo necessário.
[2025-11-25 22:02:02] Cron iniciado.
[2025-11-25 22:02:02] Config carregada: intervalo=6h, email=backupconectaosc@iteva.org.br
[2025-11-25 22:02:02] Diferença de horas desde último backup: 5.9988888888889
[2025-11-25 22:02:02] Ainda não atingiu o intervalo necessário.
[2025-11-25 23:02:02] Cron iniciado.
[2025-11-25 23:02:02] Config carregada: intervalo=6h, email=backupconectaosc@iteva.org.br
[2025-11-25 23:02:02] Diferença de horas desde último backup: 6.9988888888889
[2025-11-25 23:02:02] Tempo suficiente, vai rodar backup.
[2025-11-25 23:02:02] Executando comando mysqldump: mysqldump -u mwtech63_admin_matricula -pIteva@100 mwtech63_matricula > /home1/mwtech63/iteva.com.br/conectaosc/app/backup/backup_2025-11-25_23-02-02.sql
[2025-11-25 23:02:04] Arquivo de backup gerado com sucesso.
[2025-11-25 23:02:04] Tentando enviar e-mail para backupconectaosc@iteva.org.br...
[2025-11-25 23:02:04] E-mail enviado com sucesso!
[2025-11-25 23:02:04] Arquivo temporário apagado.
[2025-11-25 23:02:04] Iniciando backup das fotos...
[2025-11-25 23:02:07] Backup das fotos ZIP concluído (611 arquivos). Arquivo salvo em: /home1/mwtech63/iteva.com.br/conectaosc/app/backup/fotos/fotos_backup_2025-11-25_23-02-02.zip
[2025-11-25 23:02:07] Iniciando limpeza de ZIPs antigos...
[2025-11-25 23:02:07] Limpeza concluída. Total removido: 0 ZIPs antigos.
[2025-11-25 23:02:07] Timestamp atualizado. Processo finalizado.


[2025-11-26 00:02:01] Cron iniciado.
[2025-11-26 00:02:01] Config carregada: intervalo=6h, email=backupconectaosc@iteva.org.br
[2025-11-26 00:02:01] Diferença de horas desde último backup: 0.99833333333333
[2025-11-26 00:02:01] Ainda não atingiu o intervalo necessário.
[2025-11-26 01:02:01] Cron iniciado.
[2025-11-26 01:02:01] Config carregada: intervalo=6h, email=backupconectaosc@iteva.org.br
[2025-11-26 01:02:01] Diferença de horas desde último backup: 1.9983333333333
[2025-11-26 01:02:01] Ainda não atingiu o intervalo necessário.
[2025-11-26 02:02:02] Cron iniciado.
[2025-11-26 02:02:02] Config carregada: intervalo=6h, email=backupconectaosc@iteva.org.br
[2025-11-26 02:02:02] Diferença de horas desde último backup: 2.9986111111111
[2025-11-26 02:02:02] Ainda não atingiu o intervalo necessário.
[2025-11-26 03:02:02] Cron iniciado.
[2025-11-26 03:02:02] Config carregada: intervalo=6h, email=backupconectaosc@iteva.org.br
[2025-11-26 03:02:02] Diferença de horas desde último backup: 3.9986111111111
[2025-11-26 03:02:02] Ainda não atingiu o intervalo necessário.
[2025-11-26 04:02:02] Cron iniciado.
[2025-11-26 04:02:02] Config carregada: intervalo=6h, email=backupconectaosc@iteva.org.br
[2025-11-26 04:02:02] Diferença de horas desde último backup: 4.9986111111111
[2025-11-26 04:02:02] Ainda não atingiu o intervalo necessário.
[2025-11-26 05:02:02] Cron iniciado.
[2025-11-26 05:02:02] Config carregada: intervalo=6h, email=backupconectaosc@iteva.org.br
[2025-11-26 05:02:02] Diferença de horas desde último backup: 5.9986111111111
[2025-11-26 05:02:02] Ainda não atingiu o intervalo necessário.
[2025-11-26 06:02:02] Cron iniciado.
[2025-11-26 06:02:02] Config carregada: intervalo=6h, email=backupconectaosc@iteva.org.br
[2025-11-26 06:02:02] Diferença de horas desde último backup: 6.9986111111111
[2025-11-26 06:02:02] Tempo suficiente, vai rodar backup.
[2025-11-26 06:02:02] Executando comando mysqldump: mysqldump -u mwtech63_admin_matricula -pIteva@100 mwtech63_matricula > /home1/mwtech63/iteva.com.br/conectaosc/app/backup/backup_2025-11-26_06-02-02.sql
[2025-11-26 06:02:03] Arquivo de backup gerado com sucesso.
[2025-11-26 06:02:03] Tentando enviar e-mail para backupconectaosc@iteva.org.br...
[2025-11-26 06:02:03] E-mail enviado com sucesso!
[2025-11-26 06:02:03] Arquivo temporário apagado.
[2025-11-26 06:02:03] Iniciando backup das fotos...
[2025-11-26 06:02:07] Backup das fotos ZIP concluído (611 arquivos). Arquivo salvo em: /home1/mwtech63/iteva.com.br/conectaosc/app/backup/fotos/fotos_backup_2025-11-26_06-02-02.zip
[2025-11-26 06:02:07] Iniciando limpeza de ZIPs antigos...
[2025-11-26 06:02:07] Limpeza concluída. Total removido: 0 ZIPs antigos.
[2025-11-26 06:02:07] Timestamp atualizado. Processo finalizado.


[2025-11-26 07:02:01] Cron iniciado.
[2025-11-26 07:02:01] Config carregada: intervalo=6h, email=backupconectaosc@iteva.org.br
[2025-11-26 07:02:01] Diferença de horas desde último backup: 0.99833333333333
[2025-11-26 07:02:01] Ainda não atingiu o intervalo necessário.
[2025-11-26 08:02:01] Cron iniciado.
[2025-11-26 08:02:01] Config carregada: intervalo=6h, email=backupconectaosc@iteva.org.br
[2025-11-26 08:02:01] Diferença de horas desde último backup: 1.9983333333333
[2025-11-26 08:02:01] Ainda não atingiu o intervalo necessário.
[2025-11-26 09:02:02] Cron iniciado.
[2025-11-26 09:02:02] Config carregada: intervalo=6h, email=backupconectaosc@iteva.org.br
[2025-11-26 09:02:02] Diferença de horas desde último backup: 2.9986111111111
[2025-11-26 09:02:02] Ainda não atingiu o intervalo necessário.
[2025-11-26 10:02:02] Cron iniciado.
[2025-11-26 10:02:02] Config carregada: intervalo=6h, email=backupconectaosc@iteva.org.br
[2025-11-26 10:02:02] Diferença de horas desde último backup: 3.9986111111111
[2025-11-26 10:02:02] Ainda não atingiu o intervalo necessário.
[2025-11-26 11:02:01] Cron iniciado.
[2025-11-26 11:02:01] Config carregada: intervalo=6h, email=backupconectaosc@iteva.org.br
[2025-11-26 11:02:01] Diferença de horas desde último backup: 4.9983333333333
[2025-11-26 11:02:01] Ainda não atingiu o intervalo necessário.
[2025-11-26 12:02:01] Cron iniciado.
[2025-11-26 12:02:01] Config carregada: intervalo=6h, email=backupconectaosc@iteva.org.br
[2025-11-26 12:02:01] Diferença de horas desde último backup: 5.9983333333333
[2025-11-26 12:02:01] Ainda não atingiu o intervalo necessário.
[2025-11-26 13:02:01] Cron iniciado.
[2025-11-26 13:02:02] Config carregada: intervalo=6h, email=backupconectaosc@iteva.org.br
[2025-11-26 13:02:02] Diferença de horas desde último backup: 6.9986111111111
[2025-11-26 13:02:02] Tempo suficiente, vai rodar backup.
[2025-11-26 13:02:02] Executando comando mysqldump: mysqldump -u mwtech63_admin_matricula -pIteva@100 mwtech63_matricula > /home1/mwtech63/iteva.com.br/conectaosc/app/backup/backup_2025-11-26_13-02-02.sql
[2025-11-26 13:02:03] Arquivo de backup gerado com sucesso.
[2025-11-26 13:02:03] Tentando enviar e-mail para backupconectaosc@iteva.org.br...
[2025-11-26 13:02:03] E-mail enviado com sucesso!
[2025-11-26 13:02:03] Arquivo temporário apagado.
[2025-11-26 13:02:03] Iniciando backup das fotos...
[2025-11-26 13:02:06] Backup das fotos ZIP concluído (615 arquivos). Arquivo salvo em: /home1/mwtech63/iteva.com.br/conectaosc/app/backup/fotos/fotos_backup_2025-11-26_13-02-02.zip
[2025-11-26 13:02:06] Iniciando limpeza de ZIPs antigos...
[2025-11-26 13:02:06] Limpeza concluída. Total removido: 0 ZIPs antigos.
[2025-11-26 13:02:06] Timestamp atualizado. Processo finalizado.


[2025-11-26 14:02:02] Cron iniciado.
[2025-11-26 14:02:02] Config carregada: intervalo=6h, email=backupconectaosc@iteva.org.br
[2025-11-26 14:02:02] Diferença de horas desde último backup: 0.99888888888889
[2025-11-26 14:02:02] Ainda não atingiu o intervalo necessário.
[2025-11-26 15:02:01] Cron iniciado.
[2025-11-26 15:02:01] Config carregada: intervalo=6h, email=backupconectaosc@iteva.org.br
[2025-11-26 15:02:01] Diferença de horas desde último backup: 1.9986111111111
[2025-11-26 15:02:01] Ainda não atingiu o intervalo necessário.
[2025-11-26 16:02:02] Cron iniciado.
[2025-11-26 16:02:02] Config carregada: intervalo=6h, email=backupconectaosc@iteva.org.br
[2025-11-26 16:02:02] Diferença de horas desde último backup: 2.9988888888889
[2025-11-26 16:02:02] Ainda não atingiu o intervalo necessário.
[2025-11-26 17:02:01] Cron iniciado.
[2025-11-26 17:02:01] Config carregada: intervalo=6h, email=backupconectaosc@iteva.org.br
[2025-11-26 17:02:01] Diferença de horas desde último backup: 3.9986111111111
[2025-11-26 17:02:01] Ainda não atingiu o intervalo necessário.
[2025-11-26 18:02:02] Cron iniciado.
[2025-11-26 18:02:02] Config carregada: intervalo=6h, email=backupconectaosc@iteva.org.br
[2025-11-26 18:02:02] Diferença de horas desde último backup: 4.9988888888889
[2025-11-26 18:02:02] Ainda não atingiu o intervalo necessário.
[2025-11-26 19:02:01] Cron iniciado.
[2025-11-26 19:02:01] Config carregada: intervalo=6h, email=backupconectaosc@iteva.org.br
[2025-11-26 19:02:01] Diferença de horas desde último backup: 5.9986111111111
[2025-11-26 19:02:01] Ainda não atingiu o intervalo necessário.
[2025-11-26 20:02:02] Cron iniciado.
[2025-11-26 20:02:02] Config carregada: intervalo=6h, email=backupconectaosc@iteva.org.br
[2025-11-26 20:02:02] Diferença de horas desde último backup: 6.9988888888889
[2025-11-26 20:02:02] Tempo suficiente, vai rodar backup.
[2025-11-26 20:02:02] Executando comando mysqldump: mysqldump -u mwtech63_admin_matricula -pIteva@100 mwtech63_matricula > /home1/mwtech63/iteva.com.br/conectaosc/app/backup/backup_2025-11-26_20-02-02.sql
[2025-11-26 20:02:05] Arquivo de backup gerado com sucesso.
[2025-11-26 20:02:05] Tentando enviar e-mail para backupconectaosc@iteva.org.br...
[2025-11-26 20:02:05] E-mail enviado com sucesso!
[2025-11-26 20:02:05] Arquivo temporário apagado.
[2025-11-26 20:02:05] Iniciando backup das fotos...
[2025-11-26 20:02:09] Backup das fotos ZIP concluído (615 arquivos). Arquivo salvo em: /home1/mwtech63/iteva.com.br/conectaosc/app/backup/fotos/fotos_backup_2025-11-26_20-02-02.zip
[2025-11-26 20:02:09] Iniciando limpeza de ZIPs antigos...
[2025-11-26 20:02:09] Limpeza concluída. Total removido: 0 ZIPs antigos.
[2025-11-26 20:02:09] Timestamp atualizado. Processo finalizado.


[2025-11-26 21:02:01] Cron iniciado.
[2025-11-26 21:02:01] Config carregada: intervalo=6h, email=backupconectaosc@iteva.org.br
[2025-11-26 21:02:01] Diferença de horas desde último backup: 0.99777777777778
[2025-11-26 21:02:01] Ainda não atingiu o intervalo necessário.
[2025-11-26 22:02:02] Cron iniciado.
[2025-11-26 22:02:02] Config carregada: intervalo=6h, email=backupconectaosc@iteva.org.br
[2025-11-26 22:02:02] Diferença de horas desde último backup: 1.9980555555556
[2025-11-26 22:02:02] Ainda não atingiu o intervalo necessário.
[2025-11-26 23:02:02] Cron iniciado.
[2025-11-26 23:02:02] Config carregada: intervalo=6h, email=backupconectaosc@iteva.org.br
[2025-11-26 23:02:02] Diferença de horas desde último backup: 2.9980555555556
[2025-11-26 23:02:02] Ainda não atingiu o intervalo necessário.
[2025-11-27 00:02:01] Cron iniciado.
[2025-11-27 00:02:01] Config carregada: intervalo=6h, email=backupconectaosc@iteva.org.br
[2025-11-27 00:02:01] Diferença de horas desde último backup: 3.9977777777778
[2025-11-27 00:02:01] Ainda não atingiu o intervalo necessário.
[2025-11-27 01:02:01] Cron iniciado.
[2025-11-27 01:02:01] Config carregada: intervalo=6h, email=backupconectaosc@iteva.org.br
[2025-11-27 01:02:01] Diferença de horas desde último backup: 4.9977777777778
[2025-11-27 01:02:01] Ainda não atingiu o intervalo necessário.
[2025-11-27 02:02:01] Cron iniciado.
[2025-11-27 02:02:01] Config carregada: intervalo=6h, email=backupconectaosc@iteva.org.br
[2025-11-27 02:02:01] Diferença de horas desde último backup: 5.9977777777778
[2025-11-27 02:02:01] Ainda não atingiu o intervalo necessário.
[2025-11-27 03:02:01] Cron iniciado.
[2025-11-27 03:02:01] Config carregada: intervalo=6h, email=backupconectaosc@iteva.org.br
[2025-11-27 03:02:01] Diferença de horas desde último backup: 6.9977777777778
[2025-11-27 03:02:01] Tempo suficiente, vai rodar backup.
[2025-11-27 03:02:01] Executando comando mysqldump: mysqldump -u mwtech63_admin_matricula -pIteva@100 mwtech63_matricula > /home1/mwtech63/iteva.com.br/conectaosc/app/backup/backup_2025-11-27_03-02-01.sql
[2025-11-27 03:02:03] Arquivo de backup gerado com sucesso.
[2025-11-27 03:02:03] Tentando enviar e-mail para backupconectaosc@iteva.org.br...
[2025-11-27 03:02:03] E-mail enviado com sucesso!
[2025-11-27 03:02:03] Arquivo temporário apagado.
[2025-11-27 03:02:03] Iniciando backup das fotos...
[2025-11-27 03:02:06] Backup das fotos ZIP concluído (615 arquivos). Arquivo salvo em: /home1/mwtech63/iteva.com.br/conectaosc/app/backup/fotos/fotos_backup_2025-11-27_03-02-01.zip
[2025-11-27 03:02:06] Iniciando limpeza de ZIPs antigos...
[2025-11-27 03:02:06] Limpeza concluída. Total removido: 0 ZIPs antigos.
[2025-11-27 03:02:06] Timestamp atualizado. Processo finalizado.


[2025-11-27 04:02:02] Cron iniciado.
[2025-11-27 04:02:02] Config carregada: intervalo=6h, email=backupconectaosc@iteva.org.br
[2025-11-27 04:02:02] Diferença de horas desde último backup: 0.99888888888889
[2025-11-27 04:02:02] Ainda não atingiu o intervalo necessário.
[2025-11-27 05:02:01] Cron iniciado.
[2025-11-27 05:02:01] Config carregada: intervalo=6h, email=backupconectaosc@iteva.org.br
[2025-11-27 05:02:01] Diferença de horas desde último backup: 1.9986111111111
[2025-11-27 05:02:01] Ainda não atingiu o intervalo necessário.
[2025-11-27 06:02:01] Cron iniciado.
[2025-11-27 06:02:02] Config carregada: intervalo=6h, email=backupconectaosc@iteva.org.br
[2025-11-27 06:02:02] Diferença de horas desde último backup: 2.9988888888889
[2025-11-27 06:02:02] Ainda não atingiu o intervalo necessário.
[2025-11-27 07:02:01] Cron iniciado.
[2025-11-27 07:02:01] Config carregada: intervalo=6h, email=backupconectaosc@iteva.org.br
[2025-11-27 07:02:01] Diferença de horas desde último backup: 3.9986111111111
[2025-11-27 07:02:01] Ainda não atingiu o intervalo necessário.
[2025-11-27 08:02:01] Cron iniciado.
[2025-11-27 08:02:01] Config carregada: intervalo=6h, email=backupconectaosc@iteva.org.br
[2025-11-27 08:02:01] Diferença de horas desde último backup: 4.9986111111111
[2025-11-27 08:02:01] Ainda não atingiu o intervalo necessário.
[2025-11-27 09:02:02] Cron iniciado.
[2025-11-27 09:02:02] Config carregada: intervalo=6h, email=backupconectaosc@iteva.org.br
[2025-11-27 09:02:02] Diferença de horas desde último backup: 5.9988888888889
[2025-11-27 09:02:02] Ainda não atingiu o intervalo necessário.
[2025-11-27 10:02:02] Cron iniciado.
[2025-11-27 10:02:02] Config carregada: intervalo=6h, email=backupconectaosc@iteva.org.br
[2025-11-27 10:02:02] Diferença de horas desde último backup: 6.9988888888889
[2025-11-27 10:02:02] Tempo suficiente, vai rodar backup.
[2025-11-27 10:02:02] Executando comando mysqldump: mysqldump -u mwtech63_admin_matricula -pIteva@100 mwtech63_matricula > /home1/mwtech63/iteva.com.br/conectaosc/app/backup/backup_2025-11-27_10-02-02.sql
[2025-11-27 10:02:03] Arquivo de backup gerado com sucesso.
[2025-11-27 10:02:03] Tentando enviar e-mail para backupconectaosc@iteva.org.br...
[2025-11-27 10:02:04] E-mail enviado com sucesso!
[2025-11-27 10:02:04] Arquivo temporário apagado.
[2025-11-27 10:02:04] Iniciando backup das fotos...
[2025-11-27 10:02:07] Backup das fotos ZIP concluído (615 arquivos). Arquivo salvo em: /home1/mwtech63/iteva.com.br/conectaosc/app/backup/fotos/fotos_backup_2025-11-27_10-02-02.zip
[2025-11-27 10:02:07] Iniciando limpeza de ZIPs antigos...
[2025-11-27 10:02:07] Limpeza concluída. Total removido: 0 ZIPs antigos.
[2025-11-27 10:02:07] Timestamp atualizado. Processo finalizado.


[2025-11-27 11:02:02] Cron iniciado.
[2025-11-27 11:02:02] Config carregada: intervalo=6h, email=backupconectaosc@iteva.org.br
[2025-11-27 11:02:02] Diferença de horas desde último backup: 0.99861111111111
[2025-11-27 11:02:02] Ainda não atingiu o intervalo necessário.
[2025-11-27 12:02:02] Cron iniciado.
[2025-11-27 12:02:02] Config carregada: intervalo=6h, email=backupconectaosc@iteva.org.br
[2025-11-27 12:02:02] Diferença de horas desde último backup: 1.9986111111111
[2025-11-27 12:02:02] Ainda não atingiu o intervalo necessário.
[2025-11-27 13:02:02] Cron iniciado.
[2025-11-27 13:02:02] Config carregada: intervalo=6h, email=backupconectaosc@iteva.org.br
[2025-11-27 13:02:02] Diferença de horas desde último backup: 2.9986111111111
[2025-11-27 13:02:02] Ainda não atingiu o intervalo necessário.
[2025-11-27 14:02:02] Cron iniciado.
[2025-11-27 14:02:02] Config carregada: intervalo=6h, email=backupconectaosc@iteva.org.br
[2025-11-27 14:02:02] Diferença de horas desde último backup: 3.9986111111111
[2025-11-27 14:02:02] Ainda não atingiu o intervalo necessário.
[2025-11-27 15:02:02] Cron iniciado.
[2025-11-27 15:02:02] Config carregada: intervalo=6h, email=backupconectaosc@iteva.org.br
[2025-11-27 15:02:02] Diferença de horas desde último backup: 4.9986111111111
[2025-11-27 15:02:02] Ainda não atingiu o intervalo necessário.
[2025-11-27 16:02:02] Cron iniciado.
[2025-11-27 16:02:02] Config carregada: intervalo=6h, email=backupconectaosc@iteva.org.br
[2025-11-27 16:02:02] Diferença de horas desde último backup: 5.9986111111111
[2025-11-27 16:02:02] Ainda não atingiu o intervalo necessário.
[2025-11-27 17:02:02] Cron iniciado.
[2025-11-27 17:02:02] Config carregada: intervalo=6h, email=backupconectaosc@iteva.org.br
[2025-11-27 17:02:02] Diferença de horas desde último backup: 6.9986111111111
[2025-11-27 17:02:02] Tempo suficiente, vai rodar backup.
[2025-11-27 17:02:02] Executando comando mysqldump: mysqldump -u mwtech63_admin_matricula -pIteva@100 mwtech63_matricula > /home1/mwtech63/iteva.com.br/conectaosc/app/backup/backup_2025-11-27_17-02-02.sql
[2025-11-27 17:02:03] Arquivo de backup gerado com sucesso.
[2025-11-27 17:02:03] Tentando enviar e-mail para backupconectaosc@iteva.org.br...
[2025-11-27 17:02:03] E-mail enviado com sucesso!
[2025-11-27 17:02:03] Arquivo temporário apagado.
[2025-11-27 17:02:03] Iniciando backup das fotos...
[2025-11-27 17:02:07] Backup das fotos ZIP concluído (617 arquivos). Arquivo salvo em: /home1/mwtech63/iteva.com.br/conectaosc/app/backup/fotos/fotos_backup_2025-11-27_17-02-02.zip
[2025-11-27 17:02:07] Iniciando limpeza de ZIPs antigos...
[2025-11-27 17:02:07] Limpeza concluída. Total removido: 0 ZIPs antigos.
[2025-11-27 17:02:07] Timestamp atualizado. Processo finalizado.


[2025-11-27 18:02:02] Cron iniciado.
[2025-11-27 18:02:02] Config carregada: intervalo=6h, email=backupconectaosc@iteva.org.br
[2025-11-27 18:02:02] Diferença de horas desde último backup: 0.99861111111111
[2025-11-27 18:02:02] Ainda não atingiu o intervalo necessário.
[2025-11-27 19:02:01] Cron iniciado.
[2025-11-27 19:02:01] Config carregada: intervalo=6h, email=backupconectaosc@iteva.org.br
[2025-11-27 19:02:01] Diferença de horas desde último backup: 1.9983333333333
[2025-11-27 19:02:01] Ainda não atingiu o intervalo necessário.
[2025-11-27 20:02:01] Cron iniciado.
[2025-11-27 20:02:01] Config carregada: intervalo=6h, email=backupconectaosc@iteva.org.br
[2025-11-27 20:02:01] Diferença de horas desde último backup: 2.9983333333333
[2025-11-27 20:02:01] Ainda não atingiu o intervalo necessário.
[2025-11-27 21:02:01] Cron iniciado.
[2025-11-27 21:02:01] Config carregada: intervalo=6h, email=backupconectaosc@iteva.org.br
[2025-11-27 21:02:01] Diferença de horas desde último backup: 3.9983333333333
[2025-11-27 21:02:01] Ainda não atingiu o intervalo necessário.
[2025-11-27 22:02:01] Cron iniciado.
[2025-11-27 22:02:01] Config carregada: intervalo=6h, email=backupconectaosc@iteva.org.br
[2025-11-27 22:02:01] Diferença de horas desde último backup: 4.9983333333333
[2025-11-27 22:02:01] Ainda não atingiu o intervalo necessário.
[2025-11-27 23:02:02] Cron iniciado.
[2025-11-27 23:02:02] Config carregada: intervalo=6h, email=backupconectaosc@iteva.org.br
[2025-11-27 23:02:02] Diferença de horas desde último backup: 5.9986111111111
[2025-11-27 23:02:02] Ainda não atingiu o intervalo necessário.
[2025-11-28 00:02:01] Cron iniciado.
[2025-11-28 00:02:01] Config carregada: intervalo=6h, email=backupconectaosc@iteva.org.br
[2025-11-28 00:02:01] Diferença de horas desde último backup: 6.9983333333333
[2025-11-28 00:02:01] Tempo suficiente, vai rodar backup.
[2025-11-28 00:02:01] Executando comando mysqldump: mysqldump -u mwtech63_admin_matricula -pIteva@100 mwtech63_matricula > /home1/mwtech63/iteva.com.br/conectaosc/app/backup/backup_2025-11-28_00-02-01.sql
[2025-11-28 00:02:03] Arquivo de backup gerado com sucesso.
[2025-11-28 00:02:03] Tentando enviar e-mail para backupconectaosc@iteva.org.br...
[2025-11-28 00:02:03] E-mail enviado com sucesso!
[2025-11-28 00:02:03] Arquivo temporário apagado.
[2025-11-28 00:02:03] Iniciando backup das fotos...
[2025-11-28 00:02:06] Backup das fotos ZIP concluído (617 arquivos). Arquivo salvo em: /home1/mwtech63/iteva.com.br/conectaosc/app/backup/fotos/fotos_backup_2025-11-28_00-02-01.zip
[2025-11-28 00:02:06] Iniciando limpeza de ZIPs antigos...
[2025-11-28 00:02:06] Limpeza concluída. Total removido: 0 ZIPs antigos.
[2025-11-28 00:02:06] Timestamp atualizado. Processo finalizado.


[2025-11-28 01:02:01] Cron iniciado.
[2025-11-28 01:02:01] Config carregada: intervalo=6h, email=backupconectaosc@iteva.org.br
[2025-11-28 01:02:01] Diferença de horas desde último backup: 0.99861111111111
[2025-11-28 01:02:01] Ainda não atingiu o intervalo necessário.
[2025-11-28 02:02:02] Cron iniciado.
[2025-11-28 02:02:02] Config carregada: intervalo=6h, email=backupconectaosc@iteva.org.br
[2025-11-28 02:02:02] Diferença de horas desde último backup: 1.9988888888889
[2025-11-28 02:02:02] Ainda não atingiu o intervalo necessário.
[2025-11-28 03:02:02] Cron iniciado.
[2025-11-28 03:02:02] Config carregada: intervalo=6h, email=backupconectaosc@iteva.org.br
[2025-11-28 03:02:02] Diferença de horas desde último backup: 2.9988888888889
[2025-11-28 03:02:02] Ainda não atingiu o intervalo necessário.
[2025-11-28 04:02:02] Cron iniciado.
[2025-11-28 04:02:02] Config carregada: intervalo=6h, email=backupconectaosc@iteva.org.br
[2025-11-28 04:02:02] Diferença de horas desde último backup: 3.9988888888889
[2025-11-28 04:02:02] Ainda não atingiu o intervalo necessário.
[2025-11-28 05:02:01] Cron iniciado.
[2025-11-28 05:02:01] Config carregada: intervalo=6h, email=backupconectaosc@iteva.org.br
[2025-11-28 05:02:01] Diferença de horas desde último backup: 4.9986111111111
[2025-11-28 05:02:01] Ainda não atingiu o intervalo necessário.
[2025-11-28 06:02:01] Cron iniciado.
[2025-11-28 06:02:01] Config carregada: intervalo=6h, email=backupconectaosc@iteva.org.br
[2025-11-28 06:02:01] Diferença de horas desde último backup: 5.9986111111111
[2025-11-28 06:02:01] Ainda não atingiu o intervalo necessário.
[2025-11-28 07:02:01] Cron iniciado.
[2025-11-28 07:02:01] Config carregada: intervalo=6h, email=backupconectaosc@iteva.org.br
[2025-11-28 07:02:01] Diferença de horas desde último backup: 6.9986111111111
[2025-11-28 07:02:01] Tempo suficiente, vai rodar backup.
[2025-11-28 07:02:01] Executando comando mysqldump: mysqldump -u mwtech63_admin_matricula -pIteva@100 mwtech63_matricula > /home1/mwtech63/iteva.com.br/conectaosc/app/backup/backup_2025-11-28_07-02-01.sql
[2025-11-28 07:02:03] Arquivo de backup gerado com sucesso.
[2025-11-28 07:02:03] Tentando enviar e-mail para backupconectaosc@iteva.org.br...
[2025-11-28 07:02:03] E-mail enviado com sucesso!
[2025-11-28 07:02:03] Arquivo temporário apagado.
[2025-11-28 07:02:03] Iniciando backup das fotos...
[2025-11-28 07:02:06] Backup das fotos ZIP concluído (617 arquivos). Arquivo salvo em: /home1/mwtech63/iteva.com.br/conectaosc/app/backup/fotos/fotos_backup_2025-11-28_07-02-01.zip
[2025-11-28 07:02:06] Iniciando limpeza de ZIPs antigos...
[2025-11-28 07:02:06] Limpeza concluída. Total removido: 0 ZIPs antigos.
[2025-11-28 07:02:06] Timestamp atualizado. Processo finalizado.


[2025-11-28 08:02:02] Cron iniciado.
[2025-11-28 08:02:02] Config carregada: intervalo=6h, email=backupconectaosc@iteva.org.br
[2025-11-28 08:02:02] Diferença de horas desde último backup: 0.99888888888889
[2025-11-28 08:02:02] Ainda não atingiu o intervalo necessário.
[2025-11-28 09:02:01] Cron iniciado.
[2025-11-28 09:02:01] Config carregada: intervalo=6h, email=backupconectaosc@iteva.org.br
[2025-11-28 09:02:01] Diferença de horas desde último backup: 1.9986111111111
[2025-11-28 09:02:01] Ainda não atingiu o intervalo necessário.
[2025-11-28 10:02:01] Cron iniciado.
[2025-11-28 10:02:01] Config carregada: intervalo=6h, email=backupconectaosc@iteva.org.br
[2025-11-28 10:02:01] Diferença de horas desde último backup: 2.9986111111111
[2025-11-28 10:02:01] Ainda não atingiu o intervalo necessário.
[2025-11-28 11:02:02] Cron iniciado.
[2025-11-28 11:02:02] Config carregada: intervalo=6h, email=backupconectaosc@iteva.org.br
[2025-11-28 11:02:02] Diferença de horas desde último backup: 3.9988888888889
[2025-11-28 11:02:02] Ainda não atingiu o intervalo necessário.
[2025-11-28 12:02:01] Cron iniciado.
[2025-11-28 12:02:01] Config carregada: intervalo=6h, email=backupconectaosc@iteva.org.br
[2025-11-28 12:02:01] Diferença de horas desde último backup: 4.9986111111111
[2025-11-28 12:02:01] Ainda não atingiu o intervalo necessário.
[2025-11-28 13:02:01] Cron iniciado.
[2025-11-28 13:02:01] Config carregada: intervalo=6h, email=backupconectaosc@iteva.org.br
[2025-11-28 13:02:01] Diferença de horas desde último backup: 5.9986111111111
[2025-11-28 13:02:01] Ainda não atingiu o intervalo necessário.
[2025-11-28 14:02:02] Cron iniciado.
[2025-11-28 14:02:02] Config carregada: intervalo=6h, email=backupconectaosc@iteva.org.br
[2025-11-28 14:02:02] Diferença de horas desde último backup: 6.9988888888889
[2025-11-28 14:02:02] Tempo suficiente, vai rodar backup.
[2025-11-28 14:02:02] Executando comando mysqldump: mysqldump -u mwtech63_admin_matricula -pIteva@100 mwtech63_matricula > /home1/mwtech63/iteva.com.br/conectaosc/app/backup/backup_2025-11-28_14-02-02.sql
[2025-11-28 14:02:03] Arquivo de backup gerado com sucesso.
[2025-11-28 14:02:03] Tentando enviar e-mail para backupconectaosc@iteva.org.br...
[2025-11-28 14:02:03] E-mail enviado com sucesso!
[2025-11-28 14:02:03] Arquivo temporário apagado.
[2025-11-28 14:02:03] Iniciando backup das fotos...
[2025-11-28 14:02:07] Backup das fotos ZIP concluído (617 arquivos). Arquivo salvo em: /home1/mwtech63/iteva.com.br/conectaosc/app/backup/fotos/fotos_backup_2025-11-28_14-02-02.zip
[2025-11-28 14:02:07] Iniciando limpeza de ZIPs antigos...
[2025-11-28 14:02:07] Limpeza concluída. Total removido: 0 ZIPs antigos.
[2025-11-28 14:02:07] Timestamp atualizado. Processo finalizado.


[2025-11-28 15:02:02] Cron iniciado.
[2025-11-28 15:02:02] Config carregada: intervalo=6h, email=backupconectaosc@iteva.org.br
[2025-11-28 15:02:02] Diferença de horas desde último backup: 0.99861111111111
[2025-11-28 15:02:02] Ainda não atingiu o intervalo necessário.
[2025-11-28 16:02:01] Cron iniciado.
[2025-11-28 16:02:01] Config carregada: intervalo=6h, email=backupconectaosc@iteva.org.br
[2025-11-28 16:02:01] Diferença de horas desde último backup: 1.9983333333333
[2025-11-28 16:02:01] Ainda não atingiu o intervalo necessário.
[2025-11-28 17:02:02] Cron iniciado.
[2025-11-28 17:02:02] Config carregada: intervalo=6h, email=backupconectaosc@iteva.org.br
[2025-11-28 17:02:02] Diferença de horas desde último backup: 2.9986111111111
[2025-11-28 17:02:02] Ainda não atingiu o intervalo necessário.
[2025-11-28 18:02:01] Cron iniciado.
[2025-11-28 18:02:01] Config carregada: intervalo=6h, email=backupconectaosc@iteva.org.br
[2025-11-28 18:02:01] Diferença de horas desde último backup: 3.9983333333333
[2025-11-28 18:02:01] Ainda não atingiu o intervalo necessário.
[2025-11-28 19:02:01] Cron iniciado.
[2025-11-28 19:02:01] Config carregada: intervalo=6h, email=backupconectaosc@iteva.org.br
[2025-11-28 19:02:01] Diferença de horas desde último backup: 4.9983333333333
[2025-11-28 19:02:01] Ainda não atingiu o intervalo necessário.
[2025-11-28 20:02:02] Cron iniciado.
[2025-11-28 20:02:02] Config carregada: intervalo=6h, email=backupconectaosc@iteva.org.br
[2025-11-28 20:02:02] Diferença de horas desde último backup: 5.9986111111111
[2025-11-28 20:02:02] Ainda não atingiu o intervalo necessário.
[2025-11-28 21:02:02] Cron iniciado.
[2025-11-28 21:02:02] Config carregada: intervalo=6h, email=backupconectaosc@iteva.org.br
[2025-11-28 21:02:02] Diferença de horas desde último backup: 6.9986111111111
[2025-11-28 21:02:02] Tempo suficiente, vai rodar backup.
[2025-11-28 21:02:02] Executando comando mysqldump: mysqldump -u mwtech63_admin_matricula -pIteva@100 mwtech63_matricula > /home1/mwtech63/iteva.com.br/conectaosc/app/backup/backup_2025-11-28_21-02-02.sql
[2025-11-28 21:02:04] Arquivo de backup gerado com sucesso.
[2025-11-28 21:02:04] Tentando enviar e-mail para backupconectaosc@iteva.org.br...
[2025-11-28 21:02:04] E-mail enviado com sucesso!
[2025-11-28 21:02:04] Arquivo temporário apagado.
[2025-11-28 21:02:04] Iniciando backup das fotos...
[2025-11-28 21:02:08] Backup das fotos ZIP concluído (617 arquivos). Arquivo salvo em: /home1/mwtech63/iteva.com.br/conectaosc/app/backup/fotos/fotos_backup_2025-11-28_21-02-02.zip
[2025-11-28 21:02:08] Iniciando limpeza de ZIPs antigos...
[2025-11-28 21:02:08] Limpeza concluída. Total removido: 0 ZIPs antigos.
[2025-11-28 21:02:08] Timestamp atualizado. Processo finalizado.


[2025-11-28 22:02:02] Cron iniciado.
[2025-11-28 22:02:02] Config carregada: intervalo=6h, email=backupconectaosc@iteva.org.br
[2025-11-28 22:02:02] Diferença de horas desde último backup: 0.99833333333333
[2025-11-28 22:02:02] Ainda não atingiu o intervalo necessário.
[2025-11-28 23:02:02] Cron iniciado.
[2025-11-28 23:02:02] Config carregada: intervalo=6h, email=backupconectaosc@iteva.org.br
[2025-11-28 23:02:02] Diferença de horas desde último backup: 1.9983333333333
[2025-11-28 23:02:02] Ainda não atingiu o intervalo necessário.
[2025-11-29 00:02:01] Cron iniciado.
[2025-11-29 00:02:01] Config carregada: intervalo=6h, email=backupconectaosc@iteva.org.br
[2025-11-29 00:02:01] Diferença de horas desde último backup: 2.9980555555556
[2025-11-29 00:02:01] Ainda não atingiu o intervalo necessário.
[2025-11-29 01:02:01] Cron iniciado.
[2025-11-29 01:02:01] Config carregada: intervalo=6h, email=backupconectaosc@iteva.org.br
[2025-11-29 01:02:01] Diferença de horas desde último backup: 3.9980555555556
[2025-11-29 01:02:01] Ainda não atingiu o intervalo necessário.
[2025-11-29 02:02:02] Cron iniciado.
[2025-11-29 02:02:02] Config carregada: intervalo=6h, email=backupconectaosc@iteva.org.br
[2025-11-29 02:02:02] Diferença de horas desde último backup: 4.9983333333333
[2025-11-29 02:02:02] Ainda não atingiu o intervalo necessário.
[2025-11-29 03:02:01] Cron iniciado.
[2025-11-29 03:02:01] Config carregada: intervalo=6h, email=backupconectaosc@iteva.org.br
[2025-11-29 03:02:01] Diferença de horas desde último backup: 5.9980555555556
[2025-11-29 03:02:01] Ainda não atingiu o intervalo necessário.
[2025-11-29 04:02:02] Cron iniciado.
[2025-11-29 04:02:02] Config carregada: intervalo=6h, email=backupconectaosc@iteva.org.br
[2025-11-29 04:02:02] Diferença de horas desde último backup: 6.9983333333333
[2025-11-29 04:02:02] Tempo suficiente, vai rodar backup.
[2025-11-29 04:02:02] Executando comando mysqldump: mysqldump -u mwtech63_admin_matricula -pIteva@100 mwtech63_matricula > /home1/mwtech63/iteva.com.br/conectaosc/app/backup/backup_2025-11-29_04-02-02.sql
[2025-11-29 04:02:04] Arquivo de backup gerado com sucesso.
[2025-11-29 04:02:04] Tentando enviar e-mail para backupconectaosc@iteva.org.br...
[2025-11-29 04:02:04] E-mail enviado com sucesso!
[2025-11-29 04:02:04] Arquivo temporário apagado.
[2025-11-29 04:02:04] Iniciando backup das fotos...
[2025-11-29 04:02:07] Backup das fotos ZIP concluído (617 arquivos). Arquivo salvo em: /home1/mwtech63/iteva.com.br/conectaosc/app/backup/fotos/fotos_backup_2025-11-29_04-02-02.zip
[2025-11-29 04:02:07] Iniciando limpeza de ZIPs antigos...
[2025-11-29 04:02:07] Limpeza concluída. Total removido: 0 ZIPs antigos.
[2025-11-29 04:02:07] Timestamp atualizado. Processo finalizado.


[2025-11-29 05:02:02] Cron iniciado.
[2025-11-29 05:02:02] Config carregada: intervalo=6h, email=backupconectaosc@iteva.org.br
[2025-11-29 05:02:02] Diferença de horas desde último backup: 0.99861111111111
[2025-11-29 05:02:02] Ainda não atingiu o intervalo necessário.
[2025-11-29 06:02:02] Cron iniciado.
[2025-11-29 06:02:02] Config carregada: intervalo=6h, email=backupconectaosc@iteva.org.br
[2025-11-29 06:02:02] Diferença de horas desde último backup: 1.9986111111111
[2025-11-29 06:02:02] Ainda não atingiu o intervalo necessário.
[2025-11-29 07:02:01] Cron iniciado.
[2025-11-29 07:02:01] Config carregada: intervalo=6h, email=backupconectaosc@iteva.org.br
[2025-11-29 07:02:01] Diferença de horas desde último backup: 2.9983333333333
[2025-11-29 07:02:01] Ainda não atingiu o intervalo necessário.
[2025-11-29 08:02:01] Cron iniciado.
[2025-11-29 08:02:01] Config carregada: intervalo=6h, email=backupconectaosc@iteva.org.br
[2025-11-29 08:02:01] Diferença de horas desde último backup: 3.9983333333333
[2025-11-29 08:02:01] Ainda não atingiu o intervalo necessário.
[2025-11-29 09:02:01] Cron iniciado.
[2025-11-29 09:02:01] Config carregada: intervalo=6h, email=backupconectaosc@iteva.org.br
[2025-11-29 09:02:01] Diferença de horas desde último backup: 4.9983333333333
[2025-11-29 09:02:01] Ainda não atingiu o intervalo necessário.
[2025-11-29 10:02:02] Cron iniciado.
[2025-11-29 10:02:02] Config carregada: intervalo=6h, email=backupconectaosc@iteva.org.br
[2025-11-29 10:02:02] Diferença de horas desde último backup: 5.9986111111111
[2025-11-29 10:02:02] Ainda não atingiu o intervalo necessário.
[2025-11-29 11:02:01] Cron iniciado.
[2025-11-29 11:02:01] Config carregada: intervalo=6h, email=backupconectaosc@iteva.org.br
[2025-11-29 11:02:01] Diferença de horas desde último backup: 6.9983333333333
[2025-11-29 11:02:01] Tempo suficiente, vai rodar backup.
[2025-11-29 11:02:01] Executando comando mysqldump: mysqldump -u mwtech63_admin_matricula -pIteva@100 mwtech63_matricula > /home1/mwtech63/iteva.com.br/conectaosc/app/backup/backup_2025-11-29_11-02-01.sql
[2025-11-29 11:02:03] Arquivo de backup gerado com sucesso.
[2025-11-29 11:02:03] Tentando enviar e-mail para backupconectaosc@iteva.org.br...
[2025-11-29 11:02:03] E-mail enviado com sucesso!
[2025-11-29 11:02:03] Arquivo temporário apagado.
[2025-11-29 11:02:03] Iniciando backup das fotos...
[2025-11-29 11:02:07] Backup das fotos ZIP concluído (617 arquivos). Arquivo salvo em: /home1/mwtech63/iteva.com.br/conectaosc/app/backup/fotos/fotos_backup_2025-11-29_11-02-01.zip
[2025-11-29 11:02:07] Iniciando limpeza de ZIPs antigos...
[2025-11-29 11:02:07] Limpeza concluída. Total removido: 0 ZIPs antigos.
[2025-11-29 11:02:07] Timestamp atualizado. Processo finalizado.


[2025-11-29 12:02:01] Cron iniciado.
[2025-11-29 12:02:01] Config carregada: intervalo=6h, email=backupconectaosc@iteva.org.br
[2025-11-29 12:02:01] Diferença de horas desde último backup: 0.99833333333333
[2025-11-29 12:02:01] Ainda não atingiu o intervalo necessário.
[2025-11-29 13:02:01] Cron iniciado.
[2025-11-29 13:02:01] Config carregada: intervalo=6h, email=backupconectaosc@iteva.org.br
[2025-11-29 13:02:01] Diferença de horas desde último backup: 1.9983333333333
[2025-11-29 13:02:01] Ainda não atingiu o intervalo necessário.
[2025-11-29 14:02:02] Cron iniciado.
[2025-11-29 14:02:02] Config carregada: intervalo=6h, email=backupconectaosc@iteva.org.br
[2025-11-29 14:02:02] Diferença de horas desde último backup: 2.9986111111111
[2025-11-29 14:02:02] Ainda não atingiu o intervalo necessário.
[2025-11-29 15:02:02] Cron iniciado.
[2025-11-29 15:02:02] Config carregada: intervalo=6h, email=backupconectaosc@iteva.org.br
[2025-11-29 15:02:02] Diferença de horas desde último backup: 3.9986111111111
[2025-11-29 15:02:02] Ainda não atingiu o intervalo necessário.
[2025-11-29 16:02:01] Cron iniciado.
[2025-11-29 16:02:01] Config carregada: intervalo=6h, email=backupconectaosc@iteva.org.br
[2025-11-29 16:02:01] Diferença de horas desde último backup: 4.9983333333333
[2025-11-29 16:02:01] Ainda não atingiu o intervalo necessário.
[2025-11-29 17:02:01] Cron iniciado.
[2025-11-29 17:02:01] Config carregada: intervalo=6h, email=backupconectaosc@iteva.org.br
[2025-11-29 17:02:01] Diferença de horas desde último backup: 5.9983333333333
[2025-11-29 17:02:01] Ainda não atingiu o intervalo necessário.
[2025-11-29 18:02:02] Cron iniciado.
[2025-11-29 18:02:02] Config carregada: intervalo=6h, email=backupconectaosc@iteva.org.br
[2025-11-29 18:02:02] Diferença de horas desde último backup: 6.9986111111111
[2025-11-29 18:02:02] Tempo suficiente, vai rodar backup.
[2025-11-29 18:02:02] Executando comando mysqldump: mysqldump -u mwtech63_admin_matricula -pIteva@100 mwtech63_matricula > /home1/mwtech63/iteva.com.br/conectaosc/app/backup/backup_2025-11-29_18-02-02.sql
[2025-11-29 18:02:04] Arquivo de backup gerado com sucesso.
[2025-11-29 18:02:04] Tentando enviar e-mail para backupconectaosc@iteva.org.br...
[2025-11-29 18:02:04] E-mail enviado com sucesso!
[2025-11-29 18:02:04] Arquivo temporário apagado.
[2025-11-29 18:02:04] Iniciando backup das fotos...
[2025-11-29 18:02:07] Backup das fotos ZIP concluído (617 arquivos). Arquivo salvo em: /home1/mwtech63/iteva.com.br/conectaosc/app/backup/fotos/fotos_backup_2025-11-29_18-02-02.zip
[2025-11-29 18:02:07] Iniciando limpeza de ZIPs antigos...
[2025-11-29 18:02:07] Limpeza concluída. Total removido: 0 ZIPs antigos.
[2025-11-29 18:02:07] Timestamp atualizado. Processo finalizado.


[2025-11-29 19:02:01] Cron iniciado.
[2025-11-29 19:02:01] Config carregada: intervalo=6h, email=backupconectaosc@iteva.org.br
[2025-11-29 19:02:01] Diferença de horas desde último backup: 0.99833333333333
[2025-11-29 19:02:01] Ainda não atingiu o intervalo necessário.
[2025-11-29 20:02:02] Cron iniciado.
[2025-11-29 20:02:02] Config carregada: intervalo=6h, email=backupconectaosc@iteva.org.br
[2025-11-29 20:02:02] Diferença de horas desde último backup: 1.9986111111111
[2025-11-29 20:02:02] Ainda não atingiu o intervalo necessário.
[2025-11-29 21:02:01] Cron iniciado.
[2025-11-29 21:02:01] Config carregada: intervalo=6h, email=backupconectaosc@iteva.org.br
[2025-11-29 21:02:01] Diferença de horas desde último backup: 2.9983333333333
[2025-11-29 21:02:01] Ainda não atingiu o intervalo necessário.
[2025-11-29 22:02:01] Cron iniciado.
[2025-11-29 22:02:02] Config carregada: intervalo=6h, email=backupconectaosc@iteva.org.br
[2025-11-29 22:02:02] Diferença de horas desde último backup: 3.9986111111111
[2025-11-29 22:02:02] Ainda não atingiu o intervalo necessário.
[2025-11-29 23:02:02] Cron iniciado.
[2025-11-29 23:02:02] Config carregada: intervalo=6h, email=backupconectaosc@iteva.org.br
[2025-11-29 23:02:02] Diferença de horas desde último backup: 4.9986111111111
[2025-11-29 23:02:02] Ainda não atingiu o intervalo necessário.
[2025-11-30 00:02:01] Cron iniciado.
[2025-11-30 00:02:01] Config carregada: intervalo=6h, email=backupconectaosc@iteva.org.br
[2025-11-30 00:02:01] Diferença de horas desde último backup: 5.9983333333333
[2025-11-30 00:02:01] Ainda não atingiu o intervalo necessário.
[2025-11-30 01:02:02] Cron iniciado.
[2025-11-30 01:02:02] Config carregada: intervalo=6h, email=backupconectaosc@iteva.org.br
[2025-11-30 01:02:02] Diferença de horas desde último backup: 6.9986111111111
[2025-11-30 01:02:02] Tempo suficiente, vai rodar backup.
[2025-11-30 01:02:02] Executando comando mysqldump: mysqldump -u mwtech63_admin_matricula -pIteva@100 mwtech63_matricula > /home1/mwtech63/iteva.com.br/conectaosc/app/backup/backup_2025-11-30_01-02-02.sql
[2025-11-30 01:02:03] Arquivo de backup gerado com sucesso.
[2025-11-30 01:02:03] Tentando enviar e-mail para backupconectaosc@iteva.org.br...
[2025-11-30 01:02:03] E-mail enviado com sucesso!
[2025-11-30 01:02:03] Arquivo temporário apagado.
[2025-11-30 01:02:03] Iniciando backup das fotos...
[2025-11-30 01:02:07] Backup das fotos ZIP concluído (617 arquivos). Arquivo salvo em: /home1/mwtech63/iteva.com.br/conectaosc/app/backup/fotos/fotos_backup_2025-11-30_01-02-02.zip
[2025-11-30 01:02:07] Iniciando limpeza de ZIPs antigos...
[2025-11-30 01:02:07] Limpeza concluída. Total removido: 0 ZIPs antigos.
[2025-11-30 01:02:07] Timestamp atualizado. Processo finalizado.


[2025-11-30 02:02:01] Cron iniciado.
[2025-11-30 02:02:01] Config carregada: intervalo=6h, email=backupconectaosc@iteva.org.br
[2025-11-30 02:02:01] Diferença de horas desde último backup: 0.99833333333333
[2025-11-30 02:02:01] Ainda não atingiu o intervalo necessário.
[2025-11-30 03:02:01] Cron iniciado.
[2025-11-30 03:02:01] Config carregada: intervalo=6h, email=backupconectaosc@iteva.org.br
[2025-11-30 03:02:01] Diferença de horas desde último backup: 1.9983333333333
[2025-11-30 03:02:01] Ainda não atingiu o intervalo necessário.
[2025-11-30 04:02:01] Cron iniciado.
[2025-11-30 04:02:01] Config carregada: intervalo=6h, email=backupconectaosc@iteva.org.br
[2025-11-30 04:02:01] Diferença de horas desde último backup: 2.9983333333333
[2025-11-30 04:02:01] Ainda não atingiu o intervalo necessário.
[2025-11-30 05:02:01] Cron iniciado.
[2025-11-30 05:02:01] Config carregada: intervalo=6h, email=backupconectaosc@iteva.org.br
[2025-11-30 05:02:01] Diferença de horas desde último backup: 3.9983333333333
[2025-11-30 05:02:01] Ainda não atingiu o intervalo necessário.
[2025-11-30 06:02:02] Cron iniciado.
[2025-11-30 06:02:02] Config carregada: intervalo=6h, email=backupconectaosc@iteva.org.br
[2025-11-30 06:02:02] Diferença de horas desde último backup: 4.9986111111111
[2025-11-30 06:02:02] Ainda não atingiu o intervalo necessário.
[2025-11-30 07:02:02] Cron iniciado.
[2025-11-30 07:02:02] Config carregada: intervalo=6h, email=backupconectaosc@iteva.org.br
[2025-11-30 07:02:02] Diferença de horas desde último backup: 5.9986111111111
[2025-11-30 07:02:02] Ainda não atingiu o intervalo necessário.
[2025-11-30 08:02:02] Cron iniciado.
[2025-11-30 08:02:02] Config carregada: intervalo=6h, email=backupconectaosc@iteva.org.br
[2025-11-30 08:02:02] Diferença de horas desde último backup: 6.9986111111111
[2025-11-30 08:02:02] Tempo suficiente, vai rodar backup.
[2025-11-30 08:02:02] Executando comando mysqldump: mysqldump -u mwtech63_admin_matricula -pIteva@100 mwtech63_matricula > /home1/mwtech63/iteva.com.br/conectaosc/app/backup/backup_2025-11-30_08-02-02.sql
[2025-11-30 08:02:03] Arquivo de backup gerado com sucesso.
[2025-11-30 08:02:03] Tentando enviar e-mail para backupconectaosc@iteva.org.br...
[2025-11-30 08:02:03] E-mail enviado com sucesso!
[2025-11-30 08:02:03] Arquivo temporário apagado.
[2025-11-30 08:02:03] Iniciando backup das fotos...
[2025-11-30 08:02:06] Backup das fotos ZIP concluído (617 arquivos). Arquivo salvo em: /home1/mwtech63/iteva.com.br/conectaosc/app/backup/fotos/fotos_backup_2025-11-30_08-02-02.zip
[2025-11-30 08:02:06] Iniciando limpeza de ZIPs antigos...
[2025-11-30 08:02:06] Limpeza concluída. Total removido: 0 ZIPs antigos.
[2025-11-30 08:02:06] Timestamp atualizado. Processo finalizado.


[2025-11-30 09:02:01] Cron iniciado.
[2025-11-30 09:02:01] Config carregada: intervalo=6h, email=backupconectaosc@iteva.org.br
[2025-11-30 09:02:01] Diferença de horas desde último backup: 0.99861111111111
[2025-11-30 09:02:01] Ainda não atingiu o intervalo necessário.
[2025-11-30 10:02:01] Cron iniciado.
[2025-11-30 10:02:01] Config carregada: intervalo=6h, email=backupconectaosc@iteva.org.br
[2025-11-30 10:02:01] Diferença de horas desde último backup: 1.9986111111111
[2025-11-30 10:02:01] Ainda não atingiu o intervalo necessário.
[2025-11-30 11:02:02] Cron iniciado.
[2025-11-30 11:02:02] Config carregada: intervalo=6h, email=backupconectaosc@iteva.org.br
[2025-11-30 11:02:02] Diferença de horas desde último backup: 2.9988888888889
[2025-11-30 11:02:02] Ainda não atingiu o intervalo necessário.
[2025-11-30 12:02:02] Cron iniciado.
[2025-11-30 12:02:02] Config carregada: intervalo=6h, email=backupconectaosc@iteva.org.br
[2025-11-30 12:02:02] Diferença de horas desde último backup: 3.9988888888889
[2025-11-30 12:02:02] Ainda não atingiu o intervalo necessário.
[2025-11-30 13:02:01] Cron iniciado.
[2025-11-30 13:02:01] Config carregada: intervalo=6h, email=backupconectaosc@iteva.org.br
[2025-11-30 13:02:01] Diferença de horas desde último backup: 4.9986111111111
[2025-11-30 13:02:01] Ainda não atingiu o intervalo necessário.
[2025-11-30 14:02:01] Cron iniciado.
[2025-11-30 14:02:01] Config carregada: intervalo=6h, email=backupconectaosc@iteva.org.br
[2025-11-30 14:02:01] Diferença de horas desde último backup: 5.9986111111111
[2025-11-30 14:02:01] Ainda não atingiu o intervalo necessário.
[2025-11-30 15:02:02] Cron iniciado.
[2025-11-30 15:02:02] Config carregada: intervalo=6h, email=backupconectaosc@iteva.org.br
[2025-11-30 15:02:02] Diferença de horas desde último backup: 6.9988888888889
[2025-11-30 15:02:02] Tempo suficiente, vai rodar backup.
[2025-11-30 15:02:02] Executando comando mysqldump: mysqldump -u mwtech63_admin_matricula -pIteva@100 mwtech63_matricula > /home1/mwtech63/iteva.com.br/conectaosc/app/backup/backup_2025-11-30_15-02-02.sql
[2025-11-30 15:02:03] Arquivo de backup gerado com sucesso.
[2025-11-30 15:02:03] Tentando enviar e-mail para backupconectaosc@iteva.org.br...
[2025-11-30 15:02:03] E-mail enviado com sucesso!
[2025-11-30 15:02:03] Arquivo temporário apagado.
[2025-11-30 15:02:03] Iniciando backup das fotos...
[2025-11-30 15:02:06] Backup das fotos ZIP concluído (617 arquivos). Arquivo salvo em: /home1/mwtech63/iteva.com.br/conectaosc/app/backup/fotos/fotos_backup_2025-11-30_15-02-02.zip
[2025-11-30 15:02:06] Iniciando limpeza de ZIPs antigos...
[2025-11-30 15:02:06] Limpeza concluída. Total removido: 0 ZIPs antigos.
[2025-11-30 15:02:06] Timestamp atualizado. Processo finalizado.


[2025-11-30 16:02:01] Cron iniciado.
[2025-11-30 16:02:01] Config carregada: intervalo=6h, email=backupconectaosc@iteva.org.br
[2025-11-30 16:02:01] Diferença de horas desde último backup: 0.99861111111111
[2025-11-30 16:02:01] Ainda não atingiu o intervalo necessário.
[2025-11-30 17:02:01] Cron iniciado.
[2025-11-30 17:02:01] Config carregada: intervalo=6h, email=backupconectaosc@iteva.org.br
[2025-11-30 17:02:01] Diferença de horas desde último backup: 1.9986111111111
[2025-11-30 17:02:01] Ainda não atingiu o intervalo necessário.
[2025-11-30 18:02:02] Cron iniciado.
[2025-11-30 18:02:02] Config carregada: intervalo=6h, email=backupconectaosc@iteva.org.br
[2025-11-30 18:02:02] Diferença de horas desde último backup: 2.9988888888889
[2025-11-30 18:02:02] Ainda não atingiu o intervalo necessário.
[2025-11-30 19:02:02] Cron iniciado.
[2025-11-30 19:02:02] Config carregada: intervalo=6h, email=backupconectaosc@iteva.org.br
[2025-11-30 19:02:02] Diferença de horas desde último backup: 3.9988888888889
[2025-11-30 19:02:02] Ainda não atingiu o intervalo necessário.
[2025-11-30 20:02:02] Cron iniciado.
[2025-11-30 20:02:02] Config carregada: intervalo=6h, email=backupconectaosc@iteva.org.br
[2025-11-30 20:02:02] Diferença de horas desde último backup: 4.9988888888889
[2025-11-30 20:02:02] Ainda não atingiu o intervalo necessário.
[2025-11-30 21:02:01] Cron iniciado.
[2025-11-30 21:02:01] Config carregada: intervalo=6h, email=backupconectaosc@iteva.org.br
[2025-11-30 21:02:01] Diferença de horas desde último backup: 5.9986111111111
[2025-11-30 21:02:01] Ainda não atingiu o intervalo necessário.
[2025-11-30 22:02:01] Cron iniciado.
[2025-11-30 22:02:01] Config carregada: intervalo=6h, email=backupconectaosc@iteva.org.br
[2025-11-30 22:02:01] Diferença de horas desde último backup: 6.9986111111111
[2025-11-30 22:02:01] Tempo suficiente, vai rodar backup.
[2025-11-30 22:02:01] Executando comando mysqldump: mysqldump -u mwtech63_admin_matricula -pIteva@100 mwtech63_matricula > /home1/mwtech63/iteva.com.br/conectaosc/app/backup/backup_2025-11-30_22-02-01.sql
[2025-11-30 22:02:03] Arquivo de backup gerado com sucesso.
[2025-11-30 22:02:03] Tentando enviar e-mail para backupconectaosc@iteva.org.br...
[2025-11-30 22:02:03] E-mail enviado com sucesso!
[2025-11-30 22:02:03] Arquivo temporário apagado.
[2025-11-30 22:02:03] Iniciando backup das fotos...
[2025-11-30 22:02:07] Backup das fotos ZIP concluído (617 arquivos). Arquivo salvo em: /home1/mwtech63/iteva.com.br/conectaosc/app/backup/fotos/fotos_backup_2025-11-30_22-02-01.zip
[2025-11-30 22:02:07] Iniciando limpeza de ZIPs antigos...
[2025-11-30 22:02:07] Limpeza concluída. Total removido: 0 ZIPs antigos.
[2025-11-30 22:02:07] Timestamp atualizado. Processo finalizado.


[2025-11-30 23:02:01] Cron iniciado.
[2025-11-30 23:02:01] Config carregada: intervalo=6h, email=backupconectaosc@iteva.org.br
[2025-11-30 23:02:01] Diferença de horas desde último backup: 0.99833333333333
[2025-11-30 23:02:01] Ainda não atingiu o intervalo necessário.
[2025-12-01 00:02:01] Cron iniciado.
[2025-12-01 00:02:01] Config carregada: intervalo=6h, email=backupconectaosc@iteva.org.br
[2025-12-01 00:02:01] Diferença de horas desde último backup: 1.9983333333333
[2025-12-01 00:02:01] Ainda não atingiu o intervalo necessário.
[2025-12-01 01:02:01] Cron iniciado.
[2025-12-01 01:02:01] Config carregada: intervalo=6h, email=backupconectaosc@iteva.org.br
[2025-12-01 01:02:01] Diferença de horas desde último backup: 2.9983333333333
[2025-12-01 01:02:01] Ainda não atingiu o intervalo necessário.
[2025-12-01 02:02:01] Cron iniciado.
[2025-12-01 02:02:01] Config carregada: intervalo=6h, email=backupconectaosc@iteva.org.br
[2025-12-01 02:02:01] Diferença de horas desde último backup: 3.9983333333333
[2025-12-01 02:02:01] Ainda não atingiu o intervalo necessário.
[2025-12-01 03:02:02] Cron iniciado.
[2025-12-01 03:02:02] Config carregada: intervalo=6h, email=backupconectaosc@iteva.org.br
[2025-12-01 03:02:02] Diferença de horas desde último backup: 4.9986111111111
[2025-12-01 03:02:02] Ainda não atingiu o intervalo necessário.
[2025-12-01 04:02:01] Cron iniciado.
[2025-12-01 04:02:01] Config carregada: intervalo=6h, email=backupconectaosc@iteva.org.br
[2025-12-01 04:02:01] Diferença de horas desde último backup: 5.9983333333333
[2025-12-01 04:02:01] Ainda não atingiu o intervalo necessário.
[2025-12-01 05:02:01] Cron iniciado.
[2025-12-01 05:02:01] Config carregada: intervalo=6h, email=backupconectaosc@iteva.org.br
[2025-12-01 05:02:01] Diferença de horas desde último backup: 6.9983333333333
[2025-12-01 05:02:01] Tempo suficiente, vai rodar backup.
[2025-12-01 05:02:01] Executando comando mysqldump: mysqldump -u mwtech63_admin_matricula -pIteva@100 mwtech63_matricula > /home1/mwtech63/iteva.com.br/conectaosc/app/backup/backup_2025-12-01_05-02-01.sql
[2025-12-01 05:02:03] Arquivo de backup gerado com sucesso.
[2025-12-01 05:02:03] Tentando enviar e-mail para backupconectaosc@iteva.org.br...
[2025-12-01 05:02:03] E-mail enviado com sucesso!
[2025-12-01 05:02:03] Arquivo temporário apagado.
[2025-12-01 05:02:03] Iniciando backup das fotos...
[2025-12-01 05:02:06] Backup das fotos ZIP concluído (617 arquivos). Arquivo salvo em: /home1/mwtech63/iteva.com.br/conectaosc/app/backup/fotos/fotos_backup_2025-12-01_05-02-01.zip
[2025-12-01 05:02:06] Iniciando limpeza de ZIPs antigos...
[2025-12-01 05:02:06] Limpeza concluída. Total removido: 0 ZIPs antigos.
[2025-12-01 05:02:06] Timestamp atualizado. Processo finalizado.


[2025-12-01 06:02:01] Cron iniciado.
[2025-12-01 06:02:01] Config carregada: intervalo=6h, email=backupconectaosc@iteva.org.br
[2025-12-01 06:02:01] Diferença de horas desde último backup: 0.99861111111111
[2025-12-01 06:02:01] Ainda não atingiu o intervalo necessário.
[2025-12-01 07:02:02] Cron iniciado.
[2025-12-01 07:02:02] Config carregada: intervalo=6h, email=backupconectaosc@iteva.org.br
[2025-12-01 07:02:02] Diferença de horas desde último backup: 1.9988888888889
[2025-12-01 07:02:02] Ainda não atingiu o intervalo necessário.
[2025-12-01 08:02:01] Cron iniciado.
[2025-12-01 08:02:01] Config carregada: intervalo=6h, email=backupconectaosc@iteva.org.br
[2025-12-01 08:02:01] Diferença de horas desde último backup: 2.9986111111111
[2025-12-01 08:02:01] Ainda não atingiu o intervalo necessário.
[2025-12-01 09:02:02] Cron iniciado.
[2025-12-01 09:02:02] Config carregada: intervalo=6h, email=backupconectaosc@iteva.org.br
[2025-12-01 09:02:02] Diferença de horas desde último backup: 3.9988888888889
[2025-12-01 09:02:02] Ainda não atingiu o intervalo necessário.
[2025-12-01 10:02:01] Cron iniciado.
[2025-12-01 10:02:01] Config carregada: intervalo=6h, email=backupconectaosc@iteva.org.br
[2025-12-01 10:02:01] Diferença de horas desde último backup: 4.9986111111111
[2025-12-01 10:02:01] Ainda não atingiu o intervalo necessário.
[2025-12-01 11:02:02] Cron iniciado.
[2025-12-01 11:02:02] Config carregada: intervalo=6h, email=backupconectaosc@iteva.org.br
[2025-12-01 11:02:02] Diferença de horas desde último backup: 5.9988888888889
[2025-12-01 11:02:02] Ainda não atingiu o intervalo necessário.
[2025-12-01 12:02:02] Cron iniciado.
[2025-12-01 12:02:02] Config carregada: intervalo=6h, email=backupconectaosc@iteva.org.br
[2025-12-01 12:02:02] Diferença de horas desde último backup: 6.9988888888889
[2025-12-01 12:02:02] Tempo suficiente, vai rodar backup.
[2025-12-01 12:02:02] Executando comando mysqldump: mysqldump -u mwtech63_admin_matricula -pIteva@100 mwtech63_matricula > /home1/mwtech63/iteva.com.br/conectaosc/app/backup/backup_2025-12-01_12-02-02.sql
[2025-12-01 12:02:04] Arquivo de backup gerado com sucesso.
[2025-12-01 12:02:04] Tentando enviar e-mail para backupconectaosc@iteva.org.br...
[2025-12-01 12:02:04] E-mail enviado com sucesso!
[2025-12-01 12:02:04] Arquivo temporário apagado.
[2025-12-01 12:02:04] Iniciando backup das fotos...
[2025-12-01 12:02:08] Backup das fotos ZIP concluído (624 arquivos). Arquivo salvo em: /home1/mwtech63/iteva.com.br/conectaosc/app/backup/fotos/fotos_backup_2025-12-01_12-02-02.zip
[2025-12-01 12:02:08] Iniciando limpeza de ZIPs antigos...
[2025-12-01 12:02:08] Limpeza concluída. Total removido: 0 ZIPs antigos.
[2025-12-01 12:02:08] Timestamp atualizado. Processo finalizado.


[2025-12-01 13:02:02] Cron iniciado.
[2025-12-01 13:02:02] Config carregada: intervalo=6h, email=backupconectaosc@iteva.org.br
[2025-12-01 13:02:02] Diferença de horas desde último backup: 0.99833333333333
[2025-12-01 13:02:02] Ainda não atingiu o intervalo necessário.
[2025-12-01 14:02:01] Cron iniciado.
[2025-12-01 14:02:01] Config carregada: intervalo=6h, email=backupconectaosc@iteva.org.br
[2025-12-01 14:02:01] Diferença de horas desde último backup: 1.9980555555556
[2025-12-01 14:02:01] Ainda não atingiu o intervalo necessário.
[2025-12-01 15:02:02] Cron iniciado.
[2025-12-01 15:02:02] Config carregada: intervalo=6h, email=backupconectaosc@iteva.org.br
[2025-12-01 15:02:02] Diferença de horas desde último backup: 2.9983333333333
[2025-12-01 15:02:02] Ainda não atingiu o intervalo necessário.
[2025-12-01 16:02:02] Cron iniciado.
[2025-12-01 16:02:02] Config carregada: intervalo=6h, email=backupconectaosc@iteva.org.br
[2025-12-01 16:02:02] Diferença de horas desde último backup: 3.9983333333333
[2025-12-01 16:02:02] Ainda não atingiu o intervalo necessário.
[2025-12-01 17:02:02] Cron iniciado.
[2025-12-01 17:02:02] Config carregada: intervalo=6h, email=backupconectaosc@iteva.org.br
[2025-12-01 17:02:02] Diferença de horas desde último backup: 4.9983333333333
[2025-12-01 17:02:02] Ainda não atingiu o intervalo necessário.
[2025-12-01 18:02:02] Cron iniciado.
[2025-12-01 18:02:02] Config carregada: intervalo=6h, email=backupconectaosc@iteva.org.br
[2025-12-01 18:02:02] Diferença de horas desde último backup: 5.9983333333333
[2025-12-01 18:02:02] Ainda não atingiu o intervalo necessário.
[2025-12-01 19:02:02] Cron iniciado.
[2025-12-01 19:02:02] Config carregada: intervalo=6h, email=backupconectaosc@iteva.org.br
[2025-12-01 19:02:02] Diferença de horas desde último backup: 6.9983333333333
[2025-12-01 19:02:02] Tempo suficiente, vai rodar backup.
[2025-12-01 19:02:02] Executando comando mysqldump: mysqldump -u mwtech63_admin_matricula -pIteva@100 mwtech63_matricula > /home1/mwtech63/iteva.com.br/conectaosc/app/backup/backup_2025-12-01_19-02-02.sql
[2025-12-01 19:02:05] Arquivo de backup gerado com sucesso.
[2025-12-01 19:02:05] Tentando enviar e-mail para backupconectaosc@iteva.org.br...
[2025-12-01 19:02:06] E-mail enviado com sucesso!
[2025-12-01 19:02:06] Arquivo temporário apagado.
[2025-12-01 19:02:06] Iniciando backup das fotos...
[2025-12-01 19:02:11] Backup das fotos ZIP concluído (625 arquivos). Arquivo salvo em: /home1/mwtech63/iteva.com.br/conectaosc/app/backup/fotos/fotos_backup_2025-12-01_19-02-02.zip
[2025-12-01 19:02:11] Iniciando limpeza de ZIPs antigos...
[2025-12-01 19:02:11] Limpeza concluída. Total removido: 0 ZIPs antigos.
[2025-12-01 19:02:11] Timestamp atualizado. Processo finalizado.


[2025-12-01 20:02:01] Cron iniciado.
[2025-12-01 20:02:01] Config carregada: intervalo=6h, email=backupconectaosc@iteva.org.br
[2025-12-01 20:02:01] Diferença de horas desde último backup: 0.99722222222222
[2025-12-01 20:02:01] Ainda não atingiu o intervalo necessário.
[2025-12-01 21:02:02] Cron iniciado.
[2025-12-01 21:02:02] Config carregada: intervalo=6h, email=backupconectaosc@iteva.org.br
[2025-12-01 21:02:02] Diferença de horas desde último backup: 1.9975
[2025-12-01 21:02:02] Ainda não atingiu o intervalo necessário.
[2025-12-01 22:02:01] Cron iniciado.
[2025-12-01 22:02:01] Config carregada: intervalo=6h, email=backupconectaosc@iteva.org.br
[2025-12-01 22:02:01] Diferença de horas desde último backup: 2.9972222222222
[2025-12-01 22:02:01] Ainda não atingiu o intervalo necessário.
[2025-12-01 23:02:02] Cron iniciado.
[2025-12-01 23:02:02] Config carregada: intervalo=6h, email=backupconectaosc@iteva.org.br
[2025-12-01 23:02:02] Diferença de horas desde último backup: 3.9975
[2025-12-01 23:02:02] Ainda não atingiu o intervalo necessário.
[2025-12-02 00:02:01] Cron iniciado.
[2025-12-02 00:02:01] Config carregada: intervalo=6h, email=backupconectaosc@iteva.org.br
[2025-12-02 00:02:01] Diferença de horas desde último backup: 4.9972222222222
[2025-12-02 00:02:01] Ainda não atingiu o intervalo necessário.
[2025-12-02 01:02:01] Cron iniciado.
[2025-12-02 01:02:01] Config carregada: intervalo=6h, email=backupconectaosc@iteva.org.br
[2025-12-02 01:02:01] Diferença de horas desde último backup: 5.9972222222222
[2025-12-02 01:02:01] Ainda não atingiu o intervalo necessário.
[2025-12-02 02:02:01] Cron iniciado.
[2025-12-02 02:02:01] Config carregada: intervalo=6h, email=backupconectaosc@iteva.org.br
[2025-12-02 02:02:01] Diferença de horas desde último backup: 6.9972222222222
[2025-12-02 02:02:01] Tempo suficiente, vai rodar backup.
[2025-12-02 02:02:01] Executando comando mysqldump: mysqldump -u mwtech63_admin_matricula -pIteva@100 mwtech63_matricula > /home1/mwtech63/iteva.com.br/conectaosc/app/backup/backup_2025-12-02_02-02-01.sql
[2025-12-02 02:02:03] Arquivo de backup gerado com sucesso.
[2025-12-02 02:02:03] Tentando enviar e-mail para backupconectaosc@iteva.org.br...
[2025-12-02 02:02:03] E-mail enviado com sucesso!
[2025-12-02 02:02:03] Arquivo temporário apagado.
[2025-12-02 02:02:03] Iniciando backup das fotos...
[2025-12-02 02:02:07] Backup das fotos ZIP concluído (625 arquivos). Arquivo salvo em: /home1/mwtech63/iteva.com.br/conectaosc/app/backup/fotos/fotos_backup_2025-12-02_02-02-01.zip
[2025-12-02 02:02:07] Iniciando limpeza de ZIPs antigos...
[2025-12-02 02:02:07] Limpeza concluída. Total removido: 0 ZIPs antigos.
[2025-12-02 02:02:07] Timestamp atualizado. Processo finalizado.


[2025-12-02 03:02:02] Cron iniciado.
[2025-12-02 03:02:02] Config carregada: intervalo=6h, email=backupconectaosc@iteva.org.br
[2025-12-02 03:02:02] Diferença de horas desde último backup: 0.99861111111111
[2025-12-02 03:02:02] Ainda não atingiu o intervalo necessário.
[2025-12-02 04:02:02] Cron iniciado.
[2025-12-02 04:02:02] Config carregada: intervalo=6h, email=backupconectaosc@iteva.org.br
[2025-12-02 04:02:02] Diferença de horas desde último backup: 1.9986111111111
[2025-12-02 04:02:02] Ainda não atingiu o intervalo necessário.
[2025-12-02 05:02:02] Cron iniciado.
[2025-12-02 05:02:02] Config carregada: intervalo=6h, email=backupconectaosc@iteva.org.br
[2025-12-02 05:02:02] Diferença de horas desde último backup: 2.9986111111111
[2025-12-02 05:02:02] Ainda não atingiu o intervalo necessário.
[2025-12-02 06:02:01] Cron iniciado.
[2025-12-02 06:02:01] Config carregada: intervalo=6h, email=backupconectaosc@iteva.org.br
[2025-12-02 06:02:01] Diferença de horas desde último backup: 3.9983333333333
[2025-12-02 06:02:01] Ainda não atingiu o intervalo necessário.
[2025-12-02 07:02:02] Cron iniciado.
[2025-12-02 07:02:02] Config carregada: intervalo=6h, email=backupconectaosc@iteva.org.br
[2025-12-02 07:02:02] Diferença de horas desde último backup: 4.9986111111111
[2025-12-02 07:02:02] Ainda não atingiu o intervalo necessário.
[2025-12-02 08:02:01] Cron iniciado.
[2025-12-02 08:02:01] Config carregada: intervalo=6h, email=backupconectaosc@iteva.org.br
[2025-12-02 08:02:01] Diferença de horas desde último backup: 5.9983333333333
[2025-12-02 08:02:01] Ainda não atingiu o intervalo necessário.
[2025-12-02 09:02:01] Cron iniciado.
[2025-12-02 09:02:01] Config carregada: intervalo=6h, email=backupconectaosc@iteva.org.br
[2025-12-02 09:02:01] Diferença de horas desde último backup: 6.9983333333333
[2025-12-02 09:02:01] Tempo suficiente, vai rodar backup.
[2025-12-02 09:02:01] Executando comando mysqldump: mysqldump -u mwtech63_admin_matricula -pIteva@100 mwtech63_matricula > /home1/mwtech63/iteva.com.br/conectaosc/app/backup/backup_2025-12-02_09-02-01.sql
[2025-12-02 09:02:03] Arquivo de backup gerado com sucesso.
[2025-12-02 09:02:03] Tentando enviar e-mail para backupconectaosc@iteva.org.br...
[2025-12-02 09:02:03] E-mail enviado com sucesso!
[2025-12-02 09:02:03] Arquivo temporário apagado.
[2025-12-02 09:02:03] Iniciando backup das fotos...
[2025-12-02 09:02:07] Backup das fotos ZIP concluído (625 arquivos). Arquivo salvo em: /home1/mwtech63/iteva.com.br/conectaosc/app/backup/fotos/fotos_backup_2025-12-02_09-02-01.zip
[2025-12-02 09:02:07] Iniciando limpeza de ZIPs antigos...
[2025-12-02 09:02:07] Limpeza concluída. Total removido: 0 ZIPs antigos.
[2025-12-02 09:02:07] Timestamp atualizado. Processo finalizado.


[2025-12-02 10:02:02] Cron iniciado.
[2025-12-02 10:02:02] Config carregada: intervalo=6h, email=backupconectaosc@iteva.org.br
[2025-12-02 10:02:02] Diferença de horas desde último backup: 0.99861111111111
[2025-12-02 10:02:02] Ainda não atingiu o intervalo necessário.
[2025-12-02 11:02:01] Cron iniciado.
[2025-12-02 11:02:02] Config carregada: intervalo=6h, email=backupconectaosc@iteva.org.br
[2025-12-02 11:02:02] Diferença de horas desde último backup: 1.9986111111111
[2025-12-02 11:02:02] Ainda não atingiu o intervalo necessário.
[2025-12-02 12:02:01] Cron iniciado.
[2025-12-02 12:02:01] Config carregada: intervalo=6h, email=backupconectaosc@iteva.org.br
[2025-12-02 12:02:01] Diferença de horas desde último backup: 2.9983333333333
[2025-12-02 12:02:01] Ainda não atingiu o intervalo necessário.
[2025-12-02 13:02:02] Cron iniciado.
[2025-12-02 13:02:02] Config carregada: intervalo=6h, email=backupconectaosc@iteva.org.br
[2025-12-02 13:02:02] Diferença de horas desde último backup: 3.9986111111111
[2025-12-02 13:02:02] Ainda não atingiu o intervalo necessário.
[2025-12-02 14:02:01] Cron iniciado.
[2025-12-02 14:02:01] Config carregada: intervalo=6h, email=backupconectaosc@iteva.org.br
[2025-12-02 14:02:01] Diferença de horas desde último backup: 4.9983333333333
[2025-12-02 14:02:01] Ainda não atingiu o intervalo necessário.
[2025-12-02 15:02:01] Cron iniciado.
[2025-12-02 15:02:01] Config carregada: intervalo=6h, email=backupconectaosc@iteva.org.br
[2025-12-02 15:02:01] Diferença de horas desde último backup: 5.9983333333333
[2025-12-02 15:02:01] Ainda não atingiu o intervalo necessário.
[2025-12-02 16:02:01] Cron iniciado.
[2025-12-02 16:02:01] Config carregada: intervalo=6h, email=backupconectaosc@iteva.org.br
[2025-12-02 16:02:01] Diferença de horas desde último backup: 6.9983333333333
[2025-12-02 16:02:01] Tempo suficiente, vai rodar backup.
[2025-12-02 16:02:01] Executando comando mysqldump: mysqldump -u mwtech63_admin_matricula -pIteva@100 mwtech63_matricula > /home1/mwtech63/iteva.com.br/conectaosc/app/backup/backup_2025-12-02_16-02-01.sql
[2025-12-02 16:02:04] Arquivo de backup gerado com sucesso.
[2025-12-02 16:02:04] Tentando enviar e-mail para backupconectaosc@iteva.org.br...
[2025-12-02 16:02:04] E-mail enviado com sucesso!
[2025-12-02 16:02:04] Arquivo temporário apagado.
[2025-12-02 16:02:04] Iniciando backup das fotos...
[2025-12-02 16:02:08] Backup das fotos ZIP concluído (625 arquivos). Arquivo salvo em: /home1/mwtech63/iteva.com.br/conectaosc/app/backup/fotos/fotos_backup_2025-12-02_16-02-01.zip
[2025-12-02 16:02:08] Iniciando limpeza de ZIPs antigos...
[2025-12-02 16:02:08] Limpeza concluída. Total removido: 0 ZIPs antigos.
[2025-12-02 16:02:08] Timestamp atualizado. Processo finalizado.


[2025-12-02 17:02:02] Cron iniciado.
[2025-12-02 17:02:02] Config carregada: intervalo=6h, email=backupconectaosc@iteva.org.br
[2025-12-02 17:02:02] Diferença de horas desde último backup: 0.99833333333333
[2025-12-02 17:02:02] Ainda não atingiu o intervalo necessário.
[2025-12-02 18:02:01] Cron iniciado.
[2025-12-02 18:02:02] Config carregada: intervalo=6h, email=backupconectaosc@iteva.org.br
[2025-12-02 18:02:02] Diferença de horas desde último backup: 1.9983333333333
[2025-12-02 18:02:02] Ainda não atingiu o intervalo necessário.
[2025-12-02 19:02:01] Cron iniciado.
[2025-12-02 19:02:01] Config carregada: intervalo=6h, email=backupconectaosc@iteva.org.br
[2025-12-02 19:02:01] Diferença de horas desde último backup: 2.9980555555556
[2025-12-02 19:02:01] Ainda não atingiu o intervalo necessário.
[2025-12-02 20:02:01] Cron iniciado.
[2025-12-02 20:02:01] Config carregada: intervalo=6h, email=backupconectaosc@iteva.org.br
[2025-12-02 20:02:01] Diferença de horas desde último backup: 3.9980555555556
[2025-12-02 20:02:01] Ainda não atingiu o intervalo necessário.
[2025-12-02 21:02:02] Cron iniciado.
[2025-12-02 21:02:02] Config carregada: intervalo=6h, email=backupconectaosc@iteva.org.br
[2025-12-02 21:02:02] Diferença de horas desde último backup: 4.9983333333333
[2025-12-02 21:02:02] Ainda não atingiu o intervalo necessário.
[2025-12-02 22:02:02] Cron iniciado.
[2025-12-02 22:02:02] Config carregada: intervalo=6h, email=backupconectaosc@iteva.org.br
[2025-12-02 22:02:02] Diferença de horas desde último backup: 5.9983333333333
[2025-12-02 22:02:02] Ainda não atingiu o intervalo necessário.
[2025-12-02 23:02:02] Cron iniciado.
[2025-12-02 23:02:02] Config carregada: intervalo=6h, email=backupconectaosc@iteva.org.br
[2025-12-02 23:02:02] Diferença de horas desde último backup: 6.9983333333333
[2025-12-02 23:02:02] Tempo suficiente, vai rodar backup.
[2025-12-02 23:02:02] Executando comando mysqldump: mysqldump -u mwtech63_admin_matricula -pIteva@100 mwtech63_matricula > /home1/mwtech63/iteva.com.br/conectaosc/app/backup/backup_2025-12-02_23-02-02.sql
[2025-12-02 23:02:03] Arquivo de backup gerado com sucesso.
[2025-12-02 23:02:03] Tentando enviar e-mail para backupconectaosc@iteva.org.br...
[2025-12-02 23:02:04] E-mail enviado com sucesso!
[2025-12-02 23:02:04] Arquivo temporário apagado.
[2025-12-02 23:02:04] Iniciando backup das fotos...
[2025-12-02 23:02:07] Backup das fotos ZIP concluído (625 arquivos). Arquivo salvo em: /home1/mwtech63/iteva.com.br/conectaosc/app/backup/fotos/fotos_backup_2025-12-02_23-02-02.zip
[2025-12-02 23:02:07] Iniciando limpeza de ZIPs antigos...
[2025-12-02 23:02:07] Limpeza concluída. Total removido: 0 ZIPs antigos.
[2025-12-02 23:02:07] Timestamp atualizado. Processo finalizado.


[2025-12-03 00:02:02] Cron iniciado.
[2025-12-03 00:02:02] Config carregada: intervalo=6h, email=backupconectaosc@iteva.org.br
[2025-12-03 00:02:02] Diferença de horas desde último backup: 0.99861111111111
[2025-12-03 00:02:02] Ainda não atingiu o intervalo necessário.
[2025-12-03 01:02:01] Cron iniciado.
[2025-12-03 01:02:01] Config carregada: intervalo=6h, email=backupconectaosc@iteva.org.br
[2025-12-03 01:02:01] Diferença de horas desde último backup: 1.9983333333333
[2025-12-03 01:02:01] Ainda não atingiu o intervalo necessário.
[2025-12-03 02:02:02] Cron iniciado.
[2025-12-03 02:02:02] Config carregada: intervalo=6h, email=backupconectaosc@iteva.org.br
[2025-12-03 02:02:02] Diferença de horas desde último backup: 2.9986111111111
[2025-12-03 02:02:02] Ainda não atingiu o intervalo necessário.
[2025-12-03 03:02:02] Cron iniciado.
[2025-12-03 03:02:02] Config carregada: intervalo=6h, email=backupconectaosc@iteva.org.br
[2025-12-03 03:02:02] Diferença de horas desde último backup: 3.9986111111111
[2025-12-03 03:02:02] Ainda não atingiu o intervalo necessário.
[2025-12-03 04:02:01] Cron iniciado.
[2025-12-03 04:02:01] Config carregada: intervalo=6h, email=backupconectaosc@iteva.org.br
[2025-12-03 04:02:01] Diferença de horas desde último backup: 4.9983333333333
[2025-12-03 04:02:01] Ainda não atingiu o intervalo necessário.
[2025-12-03 05:02:01] Cron iniciado.
[2025-12-03 05:02:01] Config carregada: intervalo=6h, email=backupconectaosc@iteva.org.br
[2025-12-03 05:02:01] Diferença de horas desde último backup: 5.9983333333333
[2025-12-03 05:02:01] Ainda não atingiu o intervalo necessário.
[2025-12-03 06:02:01] Cron iniciado.
[2025-12-03 06:02:01] Config carregada: intervalo=6h, email=backupconectaosc@iteva.org.br
[2025-12-03 06:02:01] Diferença de horas desde último backup: 6.9983333333333
[2025-12-03 06:02:01] Tempo suficiente, vai rodar backup.
[2025-12-03 06:02:01] Executando comando mysqldump: mysqldump -u mwtech63_admin_matricula -pIteva@100 mwtech63_matricula > /home1/mwtech63/iteva.com.br/conectaosc/app/backup/backup_2025-12-03_06-02-01.sql
[2025-12-03 06:02:04] Arquivo de backup gerado com sucesso.
[2025-12-03 06:02:04] Tentando enviar e-mail para backupconectaosc@iteva.org.br...
[2025-12-03 06:02:04] E-mail enviado com sucesso!
[2025-12-03 06:02:04] Arquivo temporário apagado.
[2025-12-03 06:02:04] Iniciando backup das fotos...
[2025-12-03 06:02:13] Backup das fotos ZIP concluído (625 arquivos). Arquivo salvo em: /home1/mwtech63/iteva.com.br/conectaosc/app/backup/fotos/fotos_backup_2025-12-03_06-02-01.zip
[2025-12-03 06:02:13] Iniciando limpeza de ZIPs antigos...
[2025-12-03 06:02:13] Limpeza concluída. Total removido: 0 ZIPs antigos.
[2025-12-03 06:02:13] Timestamp atualizado. Processo finalizado.


[2025-12-03 07:02:01] Cron iniciado.
[2025-12-03 07:02:01] Config carregada: intervalo=6h, email=backupconectaosc@iteva.org.br
[2025-12-03 07:02:01] Diferença de horas desde último backup: 0.99666666666667
[2025-12-03 07:02:01] Ainda não atingiu o intervalo necessário.
[2025-12-03 08:02:02] Cron iniciado.
[2025-12-03 08:02:02] Config carregada: intervalo=6h, email=backupconectaosc@iteva.org.br
[2025-12-03 08:02:02] Diferença de horas desde último backup: 1.9969444444444
[2025-12-03 08:02:02] Ainda não atingiu o intervalo necessário.
[2025-12-03 09:02:01] Cron iniciado.
[2025-12-03 09:02:01] Config carregada: intervalo=6h, email=backupconectaosc@iteva.org.br
[2025-12-03 09:02:01] Diferença de horas desde último backup: 2.9966666666667
[2025-12-03 09:02:01] Ainda não atingiu o intervalo necessário.
[2025-12-03 10:02:02] Cron iniciado.
[2025-12-03 10:02:02] Config carregada: intervalo=6h, email=backupconectaosc@iteva.org.br
[2025-12-03 10:02:02] Diferença de horas desde último backup: 3.9969444444444
[2025-12-03 10:02:02] Ainda não atingiu o intervalo necessário.
[2025-12-03 11:02:01] Cron iniciado.
[2025-12-03 11:02:02] Config carregada: intervalo=6h, email=backupconectaosc@iteva.org.br
[2025-12-03 11:02:02] Diferença de horas desde último backup: 4.9969444444444
[2025-12-03 11:02:02] Ainda não atingiu o intervalo necessário.
[2025-12-03 12:02:02] Cron iniciado.
[2025-12-03 12:02:02] Config carregada: intervalo=6h, email=backupconectaosc@iteva.org.br
[2025-12-03 12:02:02] Diferença de horas desde último backup: 5.9969444444444
[2025-12-03 12:02:02] Ainda não atingiu o intervalo necessário.
[2025-12-03 13:02:02] Cron iniciado.
[2025-12-03 13:02:02] Config carregada: intervalo=6h, email=backupconectaosc@iteva.org.br
[2025-12-03 13:02:02] Diferença de horas desde último backup: 6.9969444444444
[2025-12-03 13:02:02] Tempo suficiente, vai rodar backup.
[2025-12-03 13:02:02] Executando comando mysqldump: mysqldump -u mwtech63_admin_matricula -pIteva@100 mwtech63_matricula > /home1/mwtech63/iteva.com.br/conectaosc/app/backup/backup_2025-12-03_13-02-02.sql
[2025-12-03 13:02:04] Arquivo de backup gerado com sucesso.
[2025-12-03 13:02:04] Tentando enviar e-mail para backupconectaosc@iteva.org.br...
[2025-12-03 13:02:04] E-mail enviado com sucesso!
[2025-12-03 13:02:04] Arquivo temporário apagado.
[2025-12-03 13:02:04] Iniciando backup das fotos...
[2025-12-03 13:02:10] Backup das fotos ZIP concluído (628 arquivos). Arquivo salvo em: /home1/mwtech63/iteva.com.br/conectaosc/app/backup/fotos/fotos_backup_2025-12-03_13-02-02.zip
[2025-12-03 13:02:10] Iniciando limpeza de ZIPs antigos...
[2025-12-03 13:02:10] Limpeza concluída. Total removido: 0 ZIPs antigos.
[2025-12-03 13:02:10] Timestamp atualizado. Processo finalizado.


[2025-12-03 14:02:01] Cron iniciado.
[2025-12-03 14:02:02] Config carregada: intervalo=6h, email=backupconectaosc@iteva.org.br
[2025-12-03 14:02:02] Diferença de horas desde último backup: 0.99777777777778
[2025-12-03 14:02:02] Ainda não atingiu o intervalo necessário.
[2025-12-03 15:02:01] Cron iniciado.
[2025-12-03 15:02:01] Config carregada: intervalo=6h, email=backupconectaosc@iteva.org.br
[2025-12-03 15:02:01] Diferença de horas desde último backup: 1.9975
[2025-12-03 15:02:01] Ainda não atingiu o intervalo necessário.
[2025-12-03 16:02:01] Cron iniciado.
[2025-12-03 16:02:01] Config carregada: intervalo=6h, email=backupconectaosc@iteva.org.br
[2025-12-03 16:02:01] Diferença de horas desde último backup: 2.9975
[2025-12-03 16:02:01] Ainda não atingiu o intervalo necessário.
[2025-12-03 17:02:01] Cron iniciado.
[2025-12-03 17:02:01] Config carregada: intervalo=6h, email=backupconectaosc@iteva.org.br
[2025-12-03 17:02:01] Diferença de horas desde último backup: 3.9975
[2025-12-03 17:02:01] Ainda não atingiu o intervalo necessário.
[2025-12-03 18:02:02] Cron iniciado.
[2025-12-03 18:02:02] Config carregada: intervalo=6h, email=backupconectaosc@iteva.org.br
[2025-12-03 18:02:02] Diferença de horas desde último backup: 4.9977777777778
[2025-12-03 18:02:02] Ainda não atingiu o intervalo necessário.
[2025-12-03 19:02:02] Cron iniciado.
[2025-12-03 19:02:02] Config carregada: intervalo=6h, email=backupconectaosc@iteva.org.br
[2025-12-03 19:02:02] Diferença de horas desde último backup: 5.9977777777778
[2025-12-03 19:02:02] Ainda não atingiu o intervalo necessário.
[2025-12-03 20:02:02] Cron iniciado.
[2025-12-03 20:02:02] Config carregada: intervalo=6h, email=backupconectaosc@iteva.org.br
[2025-12-03 20:02:02] Diferença de horas desde último backup: 6.9977777777778
[2025-12-03 20:02:02] Tempo suficiente, vai rodar backup.
[2025-12-03 20:02:02] Executando comando mysqldump: mysqldump -u mwtech63_admin_matricula -pIteva@100 mwtech63_matricula > /home1/mwtech63/iteva.com.br/conectaosc/app/backup/backup_2025-12-03_20-02-02.sql
[2025-12-03 20:02:04] Arquivo de backup gerado com sucesso.
[2025-12-03 20:02:04] Tentando enviar e-mail para backupconectaosc@iteva.org.br...
[2025-12-03 20:02:04] E-mail enviado com sucesso!
[2025-12-03 20:02:04] Arquivo temporário apagado.
[2025-12-03 20:02:04] Iniciando backup das fotos...
[2025-12-03 20:02:08] Backup das fotos ZIP concluído (630 arquivos). Arquivo salvo em: /home1/mwtech63/iteva.com.br/conectaosc/app/backup/fotos/fotos_backup_2025-12-03_20-02-02.zip
[2025-12-03 20:02:08] Iniciando limpeza de ZIPs antigos...
[2025-12-03 20:02:08] Limpeza concluída. Total removido: 0 ZIPs antigos.
[2025-12-03 20:02:08] Timestamp atualizado. Processo finalizado.


[2025-12-03 21:02:01] Cron iniciado.
[2025-12-03 21:02:01] Config carregada: intervalo=6h, email=backupconectaosc@iteva.org.br
[2025-12-03 21:02:01] Diferença de horas desde último backup: 0.99805555555556
[2025-12-03 21:02:01] Ainda não atingiu o intervalo necessário.
[2025-12-03 22:02:02] Cron iniciado.
[2025-12-03 22:02:02] Config carregada: intervalo=6h, email=backupconectaosc@iteva.org.br
[2025-12-03 22:02:02] Diferença de horas desde último backup: 1.9983333333333
[2025-12-03 22:02:02] Ainda não atingiu o intervalo necessário.
[2025-12-03 23:02:01] Cron iniciado.
[2025-12-03 23:02:01] Config carregada: intervalo=6h, email=backupconectaosc@iteva.org.br
[2025-12-03 23:02:01] Diferença de horas desde último backup: 2.9980555555556
[2025-12-03 23:02:01] Ainda não atingiu o intervalo necessário.
[2025-12-04 00:02:02] Cron iniciado.
[2025-12-04 00:02:02] Config carregada: intervalo=6h, email=backupconectaosc@iteva.org.br
[2025-12-04 00:02:02] Diferença de horas desde último backup: 3.9983333333333
[2025-12-04 00:02:02] Ainda não atingiu o intervalo necessário.
[2025-12-04 01:02:02] Cron iniciado.
[2025-12-04 01:02:02] Config carregada: intervalo=6h, email=backupconectaosc@iteva.org.br
[2025-12-04 01:02:02] Diferença de horas desde último backup: 4.9983333333333
[2025-12-04 01:02:02] Ainda não atingiu o intervalo necessário.
[2025-12-04 02:02:01] Cron iniciado.
[2025-12-04 02:02:01] Config carregada: intervalo=6h, email=backupconectaosc@iteva.org.br
[2025-12-04 02:02:01] Diferença de horas desde último backup: 5.9980555555556
[2025-12-04 02:02:01] Ainda não atingiu o intervalo necessário.
[2025-12-04 03:02:01] Cron iniciado.
[2025-12-04 03:02:01] Config carregada: intervalo=6h, email=backupconectaosc@iteva.org.br
[2025-12-04 03:02:01] Diferença de horas desde último backup: 6.9980555555556
[2025-12-04 03:02:01] Tempo suficiente, vai rodar backup.
[2025-12-04 03:02:01] Executando comando mysqldump: mysqldump -u mwtech63_admin_matricula -pIteva@100 mwtech63_matricula > /home1/mwtech63/iteva.com.br/conectaosc/app/backup/backup_2025-12-04_03-02-01.sql
[2025-12-04 03:02:03] Arquivo de backup gerado com sucesso.
[2025-12-04 03:02:03] Tentando enviar e-mail para backupconectaosc@iteva.org.br...
[2025-12-04 03:02:03] E-mail enviado com sucesso!
[2025-12-04 03:02:03] Arquivo temporário apagado.
[2025-12-04 03:02:03] Iniciando backup das fotos...
[2025-12-04 03:02:07] Backup das fotos ZIP concluído (630 arquivos). Arquivo salvo em: /home1/mwtech63/iteva.com.br/conectaosc/app/backup/fotos/fotos_backup_2025-12-04_03-02-01.zip
[2025-12-04 03:02:07] Iniciando limpeza de ZIPs antigos...
[2025-12-04 03:02:07] Limpeza concluída. Total removido: 0 ZIPs antigos.
[2025-12-04 03:02:07] Timestamp atualizado. Processo finalizado.


[2025-12-04 04:02:01] Cron iniciado.
[2025-12-04 04:02:01] Config carregada: intervalo=6h, email=backupconectaosc@iteva.org.br
[2025-12-04 04:02:01] Diferença de horas desde último backup: 0.99833333333333
[2025-12-04 04:02:01] Ainda não atingiu o intervalo necessário.
[2025-12-04 05:02:02] Cron iniciado.
[2025-12-04 05:02:02] Config carregada: intervalo=6h, email=backupconectaosc@iteva.org.br
[2025-12-04 05:02:02] Diferença de horas desde último backup: 1.9986111111111
[2025-12-04 05:02:02] Ainda não atingiu o intervalo necessário.
[2025-12-04 06:02:02] Cron iniciado.
[2025-12-04 06:02:02] Config carregada: intervalo=6h, email=backupconectaosc@iteva.org.br
[2025-12-04 06:02:02] Diferença de horas desde último backup: 2.9986111111111
[2025-12-04 06:02:02] Ainda não atingiu o intervalo necessário.
[2025-12-04 07:02:02] Cron iniciado.
[2025-12-04 07:02:02] Config carregada: intervalo=6h, email=backupconectaosc@iteva.org.br
[2025-12-04 07:02:02] Diferença de horas desde último backup: 3.9986111111111
[2025-12-04 07:02:02] Ainda não atingiu o intervalo necessário.
[2025-12-04 08:02:02] Cron iniciado.
[2025-12-04 08:02:02] Config carregada: intervalo=6h, email=backupconectaosc@iteva.org.br
[2025-12-04 08:02:02] Diferença de horas desde último backup: 4.9986111111111
[2025-12-04 08:02:02] Ainda não atingiu o intervalo necessário.
[2025-12-04 09:02:01] Cron iniciado.
[2025-12-04 09:02:01] Config carregada: intervalo=6h, email=backupconectaosc@iteva.org.br
[2025-12-04 09:02:01] Diferença de horas desde último backup: 5.9983333333333
[2025-12-04 09:02:01] Ainda não atingiu o intervalo necessário.
[2025-12-04 10:02:01] Cron iniciado.
[2025-12-04 10:02:01] Config carregada: intervalo=6h, email=backupconectaosc@iteva.org.br
[2025-12-04 10:02:01] Diferença de horas desde último backup: 6.9983333333333
[2025-12-04 10:02:01] Tempo suficiente, vai rodar backup.
[2025-12-04 10:02:01] Executando comando mysqldump: mysqldump -u mwtech63_admin_matricula -pIteva@100 mwtech63_matricula > /home1/mwtech63/iteva.com.br/conectaosc/app/backup/backup_2025-12-04_10-02-01.sql
[2025-12-04 10:02:03] Arquivo de backup gerado com sucesso.
[2025-12-04 10:02:03] Tentando enviar e-mail para backupconectaosc@iteva.org.br...
[2025-12-04 10:02:03] E-mail enviado com sucesso!
[2025-12-04 10:02:03] Arquivo temporário apagado.
[2025-12-04 10:02:03] Iniciando backup das fotos...
[2025-12-04 10:02:06] Backup das fotos ZIP concluído (632 arquivos). Arquivo salvo em: /home1/mwtech63/iteva.com.br/conectaosc/app/backup/fotos/fotos_backup_2025-12-04_10-02-01.zip
[2025-12-04 10:02:06] Iniciando limpeza de ZIPs antigos...
[2025-12-04 10:02:06] Limpeza concluída. Total removido: 0 ZIPs antigos.
[2025-12-04 10:02:06] Timestamp atualizado. Processo finalizado.


[2025-12-04 11:02:02] Cron iniciado.
[2025-12-04 11:02:02] Config carregada: intervalo=6h, email=backupconectaosc@iteva.org.br
[2025-12-04 11:02:02] Diferença de horas desde último backup: 0.99888888888889
[2025-12-04 11:02:02] Ainda não atingiu o intervalo necessário.
[2025-12-04 12:02:02] Cron iniciado.
[2025-12-04 12:02:02] Config carregada: intervalo=6h, email=backupconectaosc@iteva.org.br
[2025-12-04 12:02:02] Diferença de horas desde último backup: 1.9988888888889
[2025-12-04 12:02:02] Ainda não atingiu o intervalo necessário.
[2025-12-04 13:02:01] Cron iniciado.
[2025-12-04 13:02:01] Config carregada: intervalo=6h, email=backupconectaosc@iteva.org.br
[2025-12-04 13:02:01] Diferença de horas desde último backup: 2.9986111111111
[2025-12-04 13:02:01] Ainda não atingiu o intervalo necessário.
[2025-12-04 14:02:02] Cron iniciado.
[2025-12-04 14:02:02] Config carregada: intervalo=6h, email=backupconectaosc@iteva.org.br
[2025-12-04 14:02:02] Diferença de horas desde último backup: 3.9988888888889
[2025-12-04 14:02:02] Ainda não atingiu o intervalo necessário.
[2025-12-04 15:02:02] Cron iniciado.
[2025-12-04 15:02:02] Config carregada: intervalo=6h, email=backupconectaosc@iteva.org.br
[2025-12-04 15:02:02] Diferença de horas desde último backup: 4.9988888888889
[2025-12-04 15:02:02] Ainda não atingiu o intervalo necessário.
[2025-12-04 16:02:01] Cron iniciado.
[2025-12-04 16:02:01] Config carregada: intervalo=6h, email=backupconectaosc@iteva.org.br
[2025-12-04 16:02:01] Diferença de horas desde último backup: 5.9986111111111
[2025-12-04 16:02:01] Ainda não atingiu o intervalo necessário.
[2025-12-04 17:02:02] Cron iniciado.
[2025-12-04 17:02:02] Config carregada: intervalo=6h, email=backupconectaosc@iteva.org.br
[2025-12-04 17:02:02] Diferença de horas desde último backup: 6.9988888888889
[2025-12-04 17:02:02] Tempo suficiente, vai rodar backup.
[2025-12-04 17:02:02] Executando comando mysqldump: mysqldump -u mwtech63_admin_matricula -pIteva@100 mwtech63_matricula > /home1/mwtech63/iteva.com.br/conectaosc/app/backup/backup_2025-12-04_17-02-02.sql
[2025-12-04 17:02:04] Arquivo de backup gerado com sucesso.
[2025-12-04 17:02:04] Tentando enviar e-mail para backupconectaosc@iteva.org.br...
[2025-12-04 17:02:05] E-mail enviado com sucesso!
[2025-12-04 17:02:05] Arquivo temporário apagado.
[2025-12-04 17:02:05] Iniciando backup das fotos...
[2025-12-04 17:02:08] Backup das fotos ZIP concluído (635 arquivos). Arquivo salvo em: /home1/mwtech63/iteva.com.br/conectaosc/app/backup/fotos/fotos_backup_2025-12-04_17-02-02.zip
[2025-12-04 17:02:08] Iniciando limpeza de ZIPs antigos...
[2025-12-04 17:02:08] Limpeza concluída. Total removido: 0 ZIPs antigos.
[2025-12-04 17:02:08] Timestamp atualizado. Processo finalizado.


[2025-12-04 18:02:01] Cron iniciado.
[2025-12-04 18:02:01] Config carregada: intervalo=6h, email=backupconectaosc@iteva.org.br
[2025-12-04 18:02:01] Diferença de horas desde último backup: 0.99805555555556
[2025-12-04 18:02:01] Ainda não atingiu o intervalo necessário.
[2025-12-04 19:02:02] Cron iniciado.
[2025-12-04 19:02:02] Config carregada: intervalo=6h, email=backupconectaosc@iteva.org.br
[2025-12-04 19:02:02] Diferença de horas desde último backup: 1.9983333333333
[2025-12-04 19:02:02] Ainda não atingiu o intervalo necessário.
[2025-12-04 20:02:01] Cron iniciado.
[2025-12-04 20:02:01] Config carregada: intervalo=6h, email=backupconectaosc@iteva.org.br
[2025-12-04 20:02:01] Diferença de horas desde último backup: 2.9980555555556
[2025-12-04 20:02:01] Ainda não atingiu o intervalo necessário.
[2025-12-04 21:02:01] Cron iniciado.
[2025-12-04 21:02:01] Config carregada: intervalo=6h, email=backupconectaosc@iteva.org.br
[2025-12-04 21:02:01] Diferença de horas desde último backup: 3.9980555555556
[2025-12-04 21:02:01] Ainda não atingiu o intervalo necessário.
[2025-12-04 22:02:01] Cron iniciado.
[2025-12-04 22:02:01] Config carregada: intervalo=6h, email=backupconectaosc@iteva.org.br
[2025-12-04 22:02:01] Diferença de horas desde último backup: 4.9980555555556
[2025-12-04 22:02:01] Ainda não atingiu o intervalo necessário.
[2025-12-04 23:02:02] Cron iniciado.
[2025-12-04 23:02:02] Config carregada: intervalo=6h, email=backupconectaosc@iteva.org.br
[2025-12-04 23:02:02] Diferença de horas desde último backup: 5.9983333333333
[2025-12-04 23:02:02] Ainda não atingiu o intervalo necessário.
[2025-12-05 00:02:01] Cron iniciado.
[2025-12-05 00:02:01] Config carregada: intervalo=6h, email=backupconectaosc@iteva.org.br
[2025-12-05 00:02:01] Diferença de horas desde último backup: 6.9980555555556
[2025-12-05 00:02:01] Tempo suficiente, vai rodar backup.
[2025-12-05 00:02:01] Executando comando mysqldump: mysqldump -u mwtech63_admin_matricula -pIteva@100 mwtech63_matricula > /home1/mwtech63/iteva.com.br/conectaosc/app/backup/backup_2025-12-05_00-02-01.sql
[2025-12-05 00:02:03] Arquivo de backup gerado com sucesso.
[2025-12-05 00:02:03] Tentando enviar e-mail para backupconectaosc@iteva.org.br...
[2025-12-05 00:02:03] E-mail enviado com sucesso!
[2025-12-05 00:02:03] Arquivo temporário apagado.
[2025-12-05 00:02:03] Iniciando backup das fotos...
[2025-12-05 00:02:07] Backup das fotos ZIP concluído (635 arquivos). Arquivo salvo em: /home1/mwtech63/iteva.com.br/conectaosc/app/backup/fotos/fotos_backup_2025-12-05_00-02-01.zip
[2025-12-05 00:02:07] Iniciando limpeza de ZIPs antigos...
[2025-12-05 00:02:07] Limpeza concluída. Total removido: 0 ZIPs antigos.
[2025-12-05 00:02:07] Timestamp atualizado. Processo finalizado.


[2025-12-05 01:02:01] Cron iniciado.
[2025-12-05 01:02:01] Config carregada: intervalo=6h, email=backupconectaosc@iteva.org.br
[2025-12-05 01:02:01] Diferença de horas desde último backup: 0.99833333333333
[2025-12-05 01:02:01] Ainda não atingiu o intervalo necessário.
[2025-12-05 02:02:01] Cron iniciado.
[2025-12-05 02:02:01] Config carregada: intervalo=6h, email=backupconectaosc@iteva.org.br
[2025-12-05 02:02:01] Diferença de horas desde último backup: 1.9983333333333
[2025-12-05 02:02:01] Ainda não atingiu o intervalo necessário.
[2025-12-05 03:02:01] Cron iniciado.
[2025-12-05 03:02:01] Config carregada: intervalo=6h, email=backupconectaosc@iteva.org.br
[2025-12-05 03:02:01] Diferença de horas desde último backup: 2.9983333333333
[2025-12-05 03:02:01] Ainda não atingiu o intervalo necessário.
[2025-12-05 04:02:01] Cron iniciado.
[2025-12-05 04:02:01] Config carregada: intervalo=6h, email=backupconectaosc@iteva.org.br
[2025-12-05 04:02:01] Diferença de horas desde último backup: 3.9983333333333
[2025-12-05 04:02:01] Ainda não atingiu o intervalo necessário.
[2025-12-05 05:02:02] Cron iniciado.
[2025-12-05 05:02:02] Config carregada: intervalo=6h, email=backupconectaosc@iteva.org.br
[2025-12-05 05:02:02] Diferença de horas desde último backup: 4.9986111111111
[2025-12-05 05:02:02] Ainda não atingiu o intervalo necessário.
[2025-12-05 06:02:01] Cron iniciado.
[2025-12-05 06:02:01] Config carregada: intervalo=6h, email=backupconectaosc@iteva.org.br
[2025-12-05 06:02:01] Diferença de horas desde último backup: 5.9983333333333
[2025-12-05 06:02:01] Ainda não atingiu o intervalo necessário.
[2025-12-05 07:02:02] Cron iniciado.
[2025-12-05 07:02:02] Config carregada: intervalo=6h, email=backupconectaosc@iteva.org.br
[2025-12-05 07:02:02] Diferença de horas desde último backup: 6.9986111111111
[2025-12-05 07:02:02] Tempo suficiente, vai rodar backup.
[2025-12-05 07:02:02] Executando comando mysqldump: mysqldump -u mwtech63_admin_matricula -pIteva@100 mwtech63_matricula > /home1/mwtech63/iteva.com.br/conectaosc/app/backup/backup_2025-12-05_07-02-02.sql
[2025-12-05 07:02:04] Arquivo de backup gerado com sucesso.
[2025-12-05 07:02:04] Tentando enviar e-mail para backupconectaosc@iteva.org.br...
[2025-12-05 07:02:04] E-mail enviado com sucesso!
[2025-12-05 07:02:04] Arquivo temporário apagado.
[2025-12-05 07:02:04] Iniciando backup das fotos...
[2025-12-05 07:02:08] Backup das fotos ZIP concluído (635 arquivos). Arquivo salvo em: /home1/mwtech63/iteva.com.br/conectaosc/app/backup/fotos/fotos_backup_2025-12-05_07-02-02.zip
[2025-12-05 07:02:08] Iniciando limpeza de ZIPs antigos...
[2025-12-05 07:02:08] Limpeza concluída. Total removido: 0 ZIPs antigos.
[2025-12-05 07:02:08] Timestamp atualizado. Processo finalizado.


[2025-12-05 08:02:02] Cron iniciado.
[2025-12-05 08:02:02] Config carregada: intervalo=6h, email=backupconectaosc@iteva.org.br
[2025-12-05 08:02:02] Diferença de horas desde último backup: 0.99833333333333
[2025-12-05 08:02:02] Ainda não atingiu o intervalo necessário.
[2025-12-05 09:02:01] Cron iniciado.
[2025-12-05 09:02:01] Config carregada: intervalo=6h, email=backupconectaosc@iteva.org.br
[2025-12-05 09:02:01] Diferença de horas desde último backup: 1.9980555555556
[2025-12-05 09:02:01] Ainda não atingiu o intervalo necessário.
[2025-12-05 10:02:01] Cron iniciado.
[2025-12-05 10:02:02] Config carregada: intervalo=6h, email=backupconectaosc@iteva.org.br
[2025-12-05 10:02:02] Diferença de horas desde último backup: 2.9983333333333
[2025-12-05 10:02:02] Ainda não atingiu o intervalo necessário.
[2025-12-05 11:02:02] Cron iniciado.
[2025-12-05 11:02:02] Config carregada: intervalo=6h, email=backupconectaosc@iteva.org.br
[2025-12-05 11:02:02] Diferença de horas desde último backup: 3.9983333333333
[2025-12-05 11:02:02] Ainda não atingiu o intervalo necessário.
[2025-12-05 12:02:02] Cron iniciado.
[2025-12-05 12:02:02] Config carregada: intervalo=6h, email=backupconectaosc@iteva.org.br
[2025-12-05 12:02:02] Diferença de horas desde último backup: 4.9983333333333
[2025-12-05 12:02:02] Ainda não atingiu o intervalo necessário.
[2025-12-05 13:02:02] Cron iniciado.
[2025-12-05 13:02:02] Config carregada: intervalo=6h, email=backupconectaosc@iteva.org.br
[2025-12-05 13:02:02] Diferença de horas desde último backup: 5.9983333333333
[2025-12-05 13:02:02] Ainda não atingiu o intervalo necessário.
[2025-12-05 14:02:01] Cron iniciado.
[2025-12-05 14:02:02] Config carregada: intervalo=6h, email=backupconectaosc@iteva.org.br
[2025-12-05 14:02:02] Diferença de horas desde último backup: 6.9983333333333
[2025-12-05 14:02:02] Tempo suficiente, vai rodar backup.
[2025-12-05 14:02:02] Executando comando mysqldump: mysqldump -u mwtech63_admin_matricula -pIteva@100 mwtech63_matricula > /home1/mwtech63/iteva.com.br/conectaosc/app/backup/backup_2025-12-05_14-02-02.sql
[2025-12-05 14:02:04] Arquivo de backup gerado com sucesso.
[2025-12-05 14:02:04] Tentando enviar e-mail para backupconectaosc@iteva.org.br...
[2025-12-05 14:02:04] E-mail enviado com sucesso!
[2025-12-05 14:02:04] Arquivo temporário apagado.
[2025-12-05 14:02:04] Iniciando backup das fotos...
[2025-12-05 14:02:08] Backup das fotos ZIP concluído (636 arquivos). Arquivo salvo em: /home1/mwtech63/iteva.com.br/conectaosc/app/backup/fotos/fotos_backup_2025-12-05_14-02-02.zip
[2025-12-05 14:02:08] Iniciando limpeza de ZIPs antigos...
[2025-12-05 14:02:08] Limpeza concluída. Total removido: 0 ZIPs antigos.
[2025-12-05 14:02:08] Timestamp atualizado. Processo finalizado.


[2025-12-05 15:02:02] Cron iniciado.
[2025-12-05 15:02:02] Config carregada: intervalo=6h, email=backupconectaosc@iteva.org.br
[2025-12-05 15:02:02] Diferença de horas desde último backup: 0.99833333333333
[2025-12-05 15:02:02] Ainda não atingiu o intervalo necessário.
[2025-12-05 16:02:01] Cron iniciado.
[2025-12-05 16:02:01] Config carregada: intervalo=6h, email=backupconectaosc@iteva.org.br
[2025-12-05 16:02:01] Diferença de horas desde último backup: 1.9980555555556
[2025-12-05 16:02:01] Ainda não atingiu o intervalo necessário.
[2025-12-05 17:02:02] Cron iniciado.
[2025-12-05 17:02:02] Config carregada: intervalo=6h, email=backupconectaosc@iteva.org.br
[2025-12-05 17:02:02] Diferença de horas desde último backup: 2.9983333333333
[2025-12-05 17:02:02] Ainda não atingiu o intervalo necessário.
[2025-12-05 18:02:02] Cron iniciado.
[2025-12-05 18:02:02] Config carregada: intervalo=6h, email=backupconectaosc@iteva.org.br
[2025-12-05 18:02:02] Diferença de horas desde último backup: 3.9983333333333
[2025-12-05 18:02:02] Ainda não atingiu o intervalo necessário.
[2025-12-05 19:02:01] Cron iniciado.
[2025-12-05 19:02:01] Config carregada: intervalo=6h, email=backupconectaosc@iteva.org.br
[2025-12-05 19:02:01] Diferença de horas desde último backup: 4.9980555555556
[2025-12-05 19:02:01] Ainda não atingiu o intervalo necessário.
[2025-12-05 20:02:02] Cron iniciado.
[2025-12-05 20:02:02] Config carregada: intervalo=6h, email=backupconectaosc@iteva.org.br
[2025-12-05 20:02:02] Diferença de horas desde último backup: 5.9983333333333
[2025-12-05 20:02:02] Ainda não atingiu o intervalo necessário.
[2025-12-05 21:02:02] Cron iniciado.
[2025-12-05 21:02:02] Config carregada: intervalo=6h, email=backupconectaosc@iteva.org.br
[2025-12-05 21:02:02] Diferença de horas desde último backup: 6.9983333333333
[2025-12-05 21:02:02] Tempo suficiente, vai rodar backup.
[2025-12-05 21:02:02] Executando comando mysqldump: mysqldump -u mwtech63_admin_matricula -pIteva@100 mwtech63_matricula > /home1/mwtech63/iteva.com.br/conectaosc/app/backup/backup_2025-12-05_21-02-02.sql
[2025-12-05 21:02:05] Arquivo de backup gerado com sucesso.
[2025-12-05 21:02:05] Tentando enviar e-mail para backupconectaosc@iteva.org.br...
[2025-12-05 21:02:05] E-mail enviado com sucesso!
[2025-12-05 21:02:05] Arquivo temporário apagado.
[2025-12-05 21:02:05] Iniciando backup das fotos...
[2025-12-05 21:02:10] Backup das fotos ZIP concluído (640 arquivos). Arquivo salvo em: /home1/mwtech63/iteva.com.br/conectaosc/app/backup/fotos/fotos_backup_2025-12-05_21-02-02.zip
[2025-12-05 21:02:10] Iniciando limpeza de ZIPs antigos...
[2025-12-05 21:02:10] Limpeza concluída. Total removido: 0 ZIPs antigos.
[2025-12-05 21:02:10] Timestamp atualizado. Processo finalizado.


[2025-12-05 22:02:02] Cron iniciado.
[2025-12-05 22:02:02] Config carregada: intervalo=6h, email=backupconectaosc@iteva.org.br
[2025-12-05 22:02:02] Diferença de horas desde último backup: 0.99777777777778
[2025-12-05 22:02:02] Ainda não atingiu o intervalo necessário.
[2025-12-05 23:02:01] Cron iniciado.
[2025-12-05 23:02:01] Config carregada: intervalo=6h, email=backupconectaosc@iteva.org.br
[2025-12-05 23:02:01] Diferença de horas desde último backup: 1.9975
[2025-12-05 23:02:01] Ainda não atingiu o intervalo necessário.
[2025-12-06 00:02:02] Cron iniciado.
[2025-12-06 00:02:02] Config carregada: intervalo=6h, email=backupconectaosc@iteva.org.br
[2025-12-06 00:02:02] Diferença de horas desde último backup: 2.9977777777778
[2025-12-06 00:02:02] Ainda não atingiu o intervalo necessário.
[2025-12-06 01:02:02] Cron iniciado.
[2025-12-06 01:02:02] Config carregada: intervalo=6h, email=backupconectaosc@iteva.org.br
[2025-12-06 01:02:02] Diferença de horas desde último backup: 3.9977777777778
[2025-12-06 01:02:02] Ainda não atingiu o intervalo necessário.
[2025-12-06 02:02:01] Cron iniciado.
[2025-12-06 02:02:01] Config carregada: intervalo=6h, email=backupconectaosc@iteva.org.br
[2025-12-06 02:02:01] Diferença de horas desde último backup: 4.9975
[2025-12-06 02:02:01] Ainda não atingiu o intervalo necessário.
[2025-12-06 03:02:01] Cron iniciado.
[2025-12-06 03:02:01] Config carregada: intervalo=6h, email=backupconectaosc@iteva.org.br
[2025-12-06 03:02:01] Diferença de horas desde último backup: 5.9975
[2025-12-06 03:02:01] Ainda não atingiu o intervalo necessário.
[2025-12-06 04:02:01] Cron iniciado.
[2025-12-06 04:02:01] Config carregada: intervalo=6h, email=backupconectaosc@iteva.org.br
[2025-12-06 04:02:01] Diferença de horas desde último backup: 6.9975
[2025-12-06 04:02:01] Tempo suficiente, vai rodar backup.
[2025-12-06 04:02:01] Executando comando mysqldump: mysqldump -u mwtech63_admin_matricula -pIteva@100 mwtech63_matricula > /home1/mwtech63/iteva.com.br/conectaosc/app/backup/backup_2025-12-06_04-02-01.sql
[2025-12-06 04:02:03] Arquivo de backup gerado com sucesso.
[2025-12-06 04:02:03] Tentando enviar e-mail para backupconectaosc@iteva.org.br...
[2025-12-06 04:02:03] E-mail enviado com sucesso!
[2025-12-06 04:02:03] Arquivo temporário apagado.
[2025-12-06 04:02:03] Iniciando backup das fotos...
[2025-12-06 04:02:08] Backup das fotos ZIP concluído (640 arquivos). Arquivo salvo em: /home1/mwtech63/iteva.com.br/conectaosc/app/backup/fotos/fotos_backup_2025-12-06_04-02-01.zip
[2025-12-06 04:02:08] Iniciando limpeza de ZIPs antigos...
[2025-12-06 04:02:08] Limpeza concluída. Total removido: 0 ZIPs antigos.
[2025-12-06 04:02:08] Timestamp atualizado. Processo finalizado.


[2025-12-06 05:02:02] Cron iniciado.
[2025-12-06 05:02:02] Config carregada: intervalo=6h, email=backupconectaosc@iteva.org.br
[2025-12-06 05:02:02] Diferença de horas desde último backup: 0.99833333333333
[2025-12-06 05:02:02] Ainda não atingiu o intervalo necessário.
[2025-12-06 06:02:01] Cron iniciado.
[2025-12-06 06:02:01] Config carregada: intervalo=6h, email=backupconectaosc@iteva.org.br
[2025-12-06 06:02:01] Diferença de horas desde último backup: 1.9980555555556
[2025-12-06 06:02:01] Ainda não atingiu o intervalo necessário.
[2025-12-06 07:02:01] Cron iniciado.
[2025-12-06 07:02:01] Config carregada: intervalo=6h, email=backupconectaosc@iteva.org.br
[2025-12-06 07:02:01] Diferença de horas desde último backup: 2.9980555555556
[2025-12-06 07:02:01] Ainda não atingiu o intervalo necessário.
[2025-12-06 08:02:01] Cron iniciado.
[2025-12-06 08:02:02] Config carregada: intervalo=6h, email=backupconectaosc@iteva.org.br
[2025-12-06 08:02:02] Diferença de horas desde último backup: 3.9983333333333
[2025-12-06 08:02:02] Ainda não atingiu o intervalo necessário.
[2025-12-06 09:02:02] Cron iniciado.
[2025-12-06 09:02:02] Config carregada: intervalo=6h, email=backupconectaosc@iteva.org.br
[2025-12-06 09:02:02] Diferença de horas desde último backup: 4.9983333333333
[2025-12-06 09:02:02] Ainda não atingiu o intervalo necessário.
[2025-12-06 10:02:02] Cron iniciado.
[2025-12-06 10:02:02] Config carregada: intervalo=6h, email=backupconectaosc@iteva.org.br
[2025-12-06 10:02:02] Diferença de horas desde último backup: 5.9983333333333
[2025-12-06 10:02:02] Ainda não atingiu o intervalo necessário.
[2025-12-06 11:02:01] Cron iniciado.
[2025-12-06 11:02:01] Config carregada: intervalo=6h, email=backupconectaosc@iteva.org.br
[2025-12-06 11:02:01] Diferença de horas desde último backup: 6.9980555555556
[2025-12-06 11:02:01] Tempo suficiente, vai rodar backup.
[2025-12-06 11:02:01] Executando comando mysqldump: mysqldump -u mwtech63_admin_matricula -pIteva@100 mwtech63_matricula > /home1/mwtech63/iteva.com.br/conectaosc/app/backup/backup_2025-12-06_11-02-01.sql
[2025-12-06 11:02:03] Arquivo de backup gerado com sucesso.
[2025-12-06 11:02:03] Tentando enviar e-mail para backupconectaosc@iteva.org.br...
[2025-12-06 11:02:03] E-mail enviado com sucesso!
[2025-12-06 11:02:03] Arquivo temporário apagado.
[2025-12-06 11:02:03] Iniciando backup das fotos...
[2025-12-06 11:02:07] Backup das fotos ZIP concluído (640 arquivos). Arquivo salvo em: /home1/mwtech63/iteva.com.br/conectaosc/app/backup/fotos/fotos_backup_2025-12-06_11-02-01.zip
[2025-12-06 11:02:07] Iniciando limpeza de ZIPs antigos...
[2025-12-06 11:02:07] Limpeza concluída. Total removido: 0 ZIPs antigos.
[2025-12-06 11:02:07] Timestamp atualizado. Processo finalizado.


[2025-12-06 12:02:01] Cron iniciado.
[2025-12-06 12:02:01] Config carregada: intervalo=6h, email=backupconectaosc@iteva.org.br
[2025-12-06 12:02:01] Diferença de horas desde último backup: 0.99833333333333
[2025-12-06 12:02:01] Ainda não atingiu o intervalo necessário.
[2025-12-06 13:02:01] Cron iniciado.
[2025-12-06 13:02:01] Config carregada: intervalo=6h, email=backupconectaosc@iteva.org.br
[2025-12-06 13:02:01] Diferença de horas desde último backup: 1.9983333333333
[2025-12-06 13:02:01] Ainda não atingiu o intervalo necessário.
[2025-12-06 14:02:01] Cron iniciado.
[2025-12-06 14:02:01] Config carregada: intervalo=6h, email=backupconectaosc@iteva.org.br
[2025-12-06 14:02:01] Diferença de horas desde último backup: 2.9983333333333
[2025-12-06 14:02:01] Ainda não atingiu o intervalo necessário.
[2025-12-06 15:02:03] Cron iniciado.
[2025-12-06 15:02:03] Config carregada: intervalo=6h, email=backupconectaosc@iteva.org.br
[2025-12-06 15:02:03] Diferença de horas desde último backup: 3.9988888888889
[2025-12-06 15:02:03] Ainda não atingiu o intervalo necessário.
[2025-12-06 16:02:02] Cron iniciado.
[2025-12-06 16:02:02] Config carregada: intervalo=6h, email=backupconectaosc@iteva.org.br
[2025-12-06 16:02:02] Diferença de horas desde último backup: 4.9986111111111
[2025-12-06 16:02:02] Ainda não atingiu o intervalo necessário.
[2025-12-06 17:02:02] Cron iniciado.
[2025-12-06 17:02:02] Config carregada: intervalo=6h, email=backupconectaosc@iteva.org.br
[2025-12-06 17:02:02] Diferença de horas desde último backup: 5.9986111111111
[2025-12-06 17:02:02] Ainda não atingiu o intervalo necessário.
[2025-12-06 18:02:01] Cron iniciado.
[2025-12-06 18:02:01] Config carregada: intervalo=6h, email=backupconectaosc@iteva.org.br
[2025-12-06 18:02:01] Diferença de horas desde último backup: 6.9983333333333
[2025-12-06 18:02:01] Tempo suficiente, vai rodar backup.
[2025-12-06 18:02:01] Executando comando mysqldump: mysqldump -u mwtech63_admin_matricula -pIteva@100 mwtech63_matricula > /home1/mwtech63/iteva.com.br/conectaosc/app/backup/backup_2025-12-06_18-02-01.sql
[2025-12-06 18:02:04] Arquivo de backup gerado com sucesso.
[2025-12-06 18:02:04] Tentando enviar e-mail para backupconectaosc@iteva.org.br...
[2025-12-06 18:02:04] E-mail enviado com sucesso!
[2025-12-06 18:02:04] Arquivo temporário apagado.
[2025-12-06 18:02:04] Iniciando backup das fotos...
[2025-12-06 18:02:09] Backup das fotos ZIP concluído (640 arquivos). Arquivo salvo em: /home1/mwtech63/iteva.com.br/conectaosc/app/backup/fotos/fotos_backup_2025-12-06_18-02-01.zip
[2025-12-06 18:02:09] Iniciando limpeza de ZIPs antigos...
[2025-12-06 18:02:09] Limpeza concluída. Total removido: 0 ZIPs antigos.
[2025-12-06 18:02:09] Timestamp atualizado. Processo finalizado.


[2025-12-06 19:02:02] Cron iniciado.
[2025-12-06 19:02:02] Config carregada: intervalo=6h, email=backupconectaosc@iteva.org.br
[2025-12-06 19:02:02] Diferença de horas desde último backup: 0.99805555555556
[2025-12-06 19:02:02] Ainda não atingiu o intervalo necessário.
[2025-12-06 20:02:02] Cron iniciado.
[2025-12-06 20:02:02] Config carregada: intervalo=6h, email=backupconectaosc@iteva.org.br
[2025-12-06 20:02:02] Diferença de horas desde último backup: 1.9980555555556
[2025-12-06 20:02:02] Ainda não atingiu o intervalo necessário.
[2025-12-06 21:02:01] Cron iniciado.
[2025-12-06 21:02:01] Config carregada: intervalo=6h, email=backupconectaosc@iteva.org.br
[2025-12-06 21:02:01] Diferença de horas desde último backup: 2.9977777777778
[2025-12-06 21:02:01] Ainda não atingiu o intervalo necessário.
[2025-12-06 22:02:02] Cron iniciado.
[2025-12-06 22:02:02] Config carregada: intervalo=6h, email=backupconectaosc@iteva.org.br
[2025-12-06 22:02:02] Diferença de horas desde último backup: 3.9980555555556
[2025-12-06 22:02:02] Ainda não atingiu o intervalo necessário.
[2025-12-06 23:02:01] Cron iniciado.
[2025-12-06 23:02:01] Config carregada: intervalo=6h, email=backupconectaosc@iteva.org.br
[2025-12-06 23:02:01] Diferença de horas desde último backup: 4.9977777777778
[2025-12-06 23:02:01] Ainda não atingiu o intervalo necessário.
[2025-12-07 00:02:01] Cron iniciado.
[2025-12-07 00:02:02] Config carregada: intervalo=6h, email=backupconectaosc@iteva.org.br
[2025-12-07 00:02:02] Diferença de horas desde último backup: 5.9980555555556
[2025-12-07 00:02:02] Ainda não atingiu o intervalo necessário.
[2025-12-07 01:02:01] Cron iniciado.
[2025-12-07 01:02:01] Config carregada: intervalo=6h, email=backupconectaosc@iteva.org.br
[2025-12-07 01:02:01] Diferença de horas desde último backup: 6.9977777777778
[2025-12-07 01:02:01] Tempo suficiente, vai rodar backup.
[2025-12-07 01:02:01] Executando comando mysqldump: mysqldump -u mwtech63_admin_matricula -pIteva@100 mwtech63_matricula > /home1/mwtech63/iteva.com.br/conectaosc/app/backup/backup_2025-12-07_01-02-01.sql
[2025-12-07 01:02:03] Arquivo de backup gerado com sucesso.
[2025-12-07 01:02:03] Tentando enviar e-mail para backupconectaosc@iteva.org.br...
[2025-12-07 01:02:03] E-mail enviado com sucesso!
[2025-12-07 01:02:03] Arquivo temporário apagado.
[2025-12-07 01:02:03] Iniciando backup das fotos...
[2025-12-07 01:02:07] Backup das fotos ZIP concluído (640 arquivos). Arquivo salvo em: /home1/mwtech63/iteva.com.br/conectaosc/app/backup/fotos/fotos_backup_2025-12-07_01-02-01.zip
[2025-12-07 01:02:07] Iniciando limpeza de ZIPs antigos...
[2025-12-07 01:02:07] Limpeza concluída. Total removido: 0 ZIPs antigos.
[2025-12-07 01:02:07] Timestamp atualizado. Processo finalizado.


[2025-12-07 02:02:02] Cron iniciado.
[2025-12-07 02:02:02] Config carregada: intervalo=6h, email=backupconectaosc@iteva.org.br
[2025-12-07 02:02:02] Diferença de horas desde último backup: 0.99861111111111
[2025-12-07 02:02:02] Ainda não atingiu o intervalo necessário.
[2025-12-07 03:02:02] Cron iniciado.
[2025-12-07 03:02:02] Config carregada: intervalo=6h, email=backupconectaosc@iteva.org.br
[2025-12-07 03:02:02] Diferença de horas desde último backup: 1.9986111111111
[2025-12-07 03:02:02] Ainda não atingiu o intervalo necessário.
[2025-12-07 04:02:02] Cron iniciado.
[2025-12-07 04:02:02] Config carregada: intervalo=6h, email=backupconectaosc@iteva.org.br
[2025-12-07 04:02:02] Diferença de horas desde último backup: 2.9986111111111
[2025-12-07 04:02:02] Ainda não atingiu o intervalo necessário.
[2025-12-07 05:02:02] Cron iniciado.
[2025-12-07 05:02:02] Config carregada: intervalo=6h, email=backupconectaosc@iteva.org.br
[2025-12-07 05:02:02] Diferença de horas desde último backup: 3.9986111111111
[2025-12-07 05:02:02] Ainda não atingiu o intervalo necessário.
[2025-12-07 06:02:01] Cron iniciado.
[2025-12-07 06:02:01] Config carregada: intervalo=6h, email=backupconectaosc@iteva.org.br
[2025-12-07 06:02:01] Diferença de horas desde último backup: 4.9983333333333
[2025-12-07 06:02:01] Ainda não atingiu o intervalo necessário.
[2025-12-07 07:02:02] Cron iniciado.
[2025-12-07 07:02:02] Config carregada: intervalo=6h, email=backupconectaosc@iteva.org.br
[2025-12-07 07:02:02] Diferença de horas desde último backup: 5.9986111111111
[2025-12-07 07:02:02] Ainda não atingiu o intervalo necessário.
[2025-12-07 08:02:02] Cron iniciado.
[2025-12-07 08:02:02] Config carregada: intervalo=6h, email=backupconectaosc@iteva.org.br
[2025-12-07 08:02:02] Diferença de horas desde último backup: 6.9986111111111
[2025-12-07 08:02:02] Tempo suficiente, vai rodar backup.
[2025-12-07 08:02:02] Executando comando mysqldump: mysqldump -u mwtech63_admin_matricula -pIteva@100 mwtech63_matricula > /home1/mwtech63/iteva.com.br/conectaosc/app/backup/backup_2025-12-07_08-02-02.sql
[2025-12-07 08:02:06] Arquivo de backup gerado com sucesso.
[2025-12-07 08:02:06] Tentando enviar e-mail para backupconectaosc@iteva.org.br...
[2025-12-07 08:02:06] E-mail enviado com sucesso!
[2025-12-07 08:02:06] Arquivo temporário apagado.
[2025-12-07 08:02:06] Iniciando backup das fotos...
[2025-12-07 08:02:13] Backup das fotos ZIP concluído (640 arquivos). Arquivo salvo em: /home1/mwtech63/iteva.com.br/conectaosc/app/backup/fotos/fotos_backup_2025-12-07_08-02-02.zip
[2025-12-07 08:02:13] Iniciando limpeza de ZIPs antigos...
[2025-12-07 08:02:13] Limpeza concluída. Total removido: 0 ZIPs antigos.
[2025-12-07 08:02:13] Timestamp atualizado. Processo finalizado.


[2025-12-07 09:02:02] Cron iniciado.
[2025-12-07 09:02:02] Config carregada: intervalo=6h, email=backupconectaosc@iteva.org.br
[2025-12-07 09:02:02] Diferença de horas desde último backup: 0.99694444444444
[2025-12-07 09:02:02] Ainda não atingiu o intervalo necessário.
[2025-12-07 10:02:02] Cron iniciado.
[2025-12-07 10:02:02] Config carregada: intervalo=6h, email=backupconectaosc@iteva.org.br
[2025-12-07 10:02:02] Diferença de horas desde último backup: 1.9969444444444
[2025-12-07 10:02:02] Ainda não atingiu o intervalo necessário.
[2025-12-07 11:02:02] Cron iniciado.
[2025-12-07 11:02:02] Config carregada: intervalo=6h, email=backupconectaosc@iteva.org.br
[2025-12-07 11:02:02] Diferença de horas desde último backup: 2.9969444444444
[2025-12-07 11:02:02] Ainda não atingiu o intervalo necessário.
[2025-12-07 12:02:02] Cron iniciado.
[2025-12-07 12:02:02] Config carregada: intervalo=6h, email=backupconectaosc@iteva.org.br
[2025-12-07 12:02:02] Diferença de horas desde último backup: 3.9969444444444
[2025-12-07 12:02:02] Ainda não atingiu o intervalo necessário.
[2025-12-07 13:02:01] Cron iniciado.
[2025-12-07 13:02:01] Config carregada: intervalo=6h, email=backupconectaosc@iteva.org.br
[2025-12-07 13:02:01] Diferença de horas desde último backup: 4.9966666666667
[2025-12-07 13:02:01] Ainda não atingiu o intervalo necessário.
[2025-12-07 14:02:02] Cron iniciado.
[2025-12-07 14:02:02] Config carregada: intervalo=6h, email=backupconectaosc@iteva.org.br
[2025-12-07 14:02:02] Diferença de horas desde último backup: 5.9969444444444
[2025-12-07 14:02:02] Ainda não atingiu o intervalo necessário.
[2025-12-07 15:02:01] Cron iniciado.
[2025-12-07 15:02:01] Config carregada: intervalo=6h, email=backupconectaosc@iteva.org.br
[2025-12-07 15:02:01] Diferença de horas desde último backup: 6.9966666666667
[2025-12-07 15:02:01] Tempo suficiente, vai rodar backup.
[2025-12-07 15:02:01] Executando comando mysqldump: mysqldump -u mwtech63_admin_matricula -pIteva@100 mwtech63_matricula > /home1/mwtech63/iteva.com.br/conectaosc/app/backup/backup_2025-12-07_15-02-01.sql
[2025-12-07 15:02:03] Arquivo de backup gerado com sucesso.
[2025-12-07 15:02:03] Tentando enviar e-mail para backupconectaosc@iteva.org.br...
[2025-12-07 15:02:03] E-mail enviado com sucesso!
[2025-12-07 15:02:03] Arquivo temporário apagado.
[2025-12-07 15:02:03] Iniciando backup das fotos...
[2025-12-07 15:02:07] Backup das fotos ZIP concluído (640 arquivos). Arquivo salvo em: /home1/mwtech63/iteva.com.br/conectaosc/app/backup/fotos/fotos_backup_2025-12-07_15-02-01.zip
[2025-12-07 15:02:07] Iniciando limpeza de ZIPs antigos...
[2025-12-07 15:02:07] Removido ZIP antigo: fotos_backup_2025-11-22_11-49-02.zip
[2025-12-07 15:02:07] Removido ZIP antigo: fotos_backup_2025-11-22_12-00-02.zip
[2025-12-07 15:02:07] Limpeza concluída. Total removido: 2 ZIPs antigos.
[2025-12-07 15:02:07] Timestamp atualizado. Processo finalizado.


[2025-12-07 16:02:02] Cron iniciado.
[2025-12-07 16:02:02] Config carregada: intervalo=6h, email=backupconectaosc@iteva.org.br
[2025-12-07 16:02:02] Diferença de horas desde último backup: 0.99861111111111
[2025-12-07 16:02:02] Ainda não atingiu o intervalo necessário.
[2025-12-07 17:02:02] Cron iniciado.
[2025-12-07 17:02:02] Config carregada: intervalo=6h, email=backupconectaosc@iteva.org.br
[2025-12-07 17:02:02] Diferença de horas desde último backup: 1.9986111111111
[2025-12-07 17:02:02] Ainda não atingiu o intervalo necessário.
[2025-12-07 18:02:02] Cron iniciado.
[2025-12-07 18:02:02] Config carregada: intervalo=6h, email=backupconectaosc@iteva.org.br
[2025-12-07 18:02:02] Diferença de horas desde último backup: 2.9986111111111
[2025-12-07 18:02:02] Ainda não atingiu o intervalo necessário.
[2025-12-07 19:02:02] Cron iniciado.
[2025-12-07 19:02:02] Config carregada: intervalo=6h, email=backupconectaosc@iteva.org.br
[2025-12-07 19:02:02] Diferença de horas desde último backup: 3.9986111111111
[2025-12-07 19:02:02] Ainda não atingiu o intervalo necessário.
[2025-12-07 20:02:02] Cron iniciado.
[2025-12-07 20:02:02] Config carregada: intervalo=6h, email=backupconectaosc@iteva.org.br
[2025-12-07 20:02:02] Diferença de horas desde último backup: 4.9986111111111
[2025-12-07 20:02:02] Ainda não atingiu o intervalo necessário.
[2025-12-07 21:02:02] Cron iniciado.
[2025-12-07 21:02:02] Config carregada: intervalo=6h, email=backupconectaosc@iteva.org.br
[2025-12-07 21:02:02] Diferença de horas desde último backup: 5.9986111111111
[2025-12-07 21:02:02] Ainda não atingiu o intervalo necessário.
[2025-12-07 22:02:02] Cron iniciado.
[2025-12-07 22:02:02] Config carregada: intervalo=6h, email=backupconectaosc@iteva.org.br
[2025-12-07 22:02:02] Diferença de horas desde último backup: 6.9986111111111
[2025-12-07 22:02:02] Tempo suficiente, vai rodar backup.
[2025-12-07 22:02:02] Executando comando mysqldump: mysqldump -u mwtech63_admin_matricula -pIteva@100 mwtech63_matricula > /home1/mwtech63/iteva.com.br/conectaosc/app/backup/backup_2025-12-07_22-02-02.sql
[2025-12-07 22:02:04] Arquivo de backup gerado com sucesso.
[2025-12-07 22:02:04] Tentando enviar e-mail para backupconectaosc@iteva.org.br...
[2025-12-07 22:02:04] E-mail enviado com sucesso!
[2025-12-07 22:02:04] Arquivo temporário apagado.
[2025-12-07 22:02:04] Iniciando backup das fotos...
[2025-12-07 22:02:07] Backup das fotos ZIP concluído (640 arquivos). Arquivo salvo em: /home1/mwtech63/iteva.com.br/conectaosc/app/backup/fotos/fotos_backup_2025-12-07_22-02-02.zip
[2025-12-07 22:02:07] Iniciando limpeza de ZIPs antigos...
[2025-12-07 22:02:07] Removido ZIP antigo: fotos_backup_2025-11-22_19-00-02.zip
[2025-12-07 22:02:07] Limpeza concluída. Total removido: 1 ZIPs antigos.
[2025-12-07 22:02:07] Timestamp atualizado. Processo finalizado.


[2025-12-07 23:02:01] Cron iniciado.
[2025-12-07 23:02:01] Config carregada: intervalo=6h, email=backupconectaosc@iteva.org.br
[2025-12-07 23:02:01] Diferença de horas desde último backup: 0.99833333333333
[2025-12-07 23:02:01] Ainda não atingiu o intervalo necessário.
[2025-12-08 00:02:01] Cron iniciado.
[2025-12-08 00:02:01] Config carregada: intervalo=6h, email=backupconectaosc@iteva.org.br
[2025-12-08 00:02:01] Diferença de horas desde último backup: 1.9983333333333
[2025-12-08 00:02:01] Ainda não atingiu o intervalo necessário.
[2025-12-08 01:02:02] Cron iniciado.
[2025-12-08 01:02:02] Config carregada: intervalo=6h, email=backupconectaosc@iteva.org.br
[2025-12-08 01:02:02] Diferença de horas desde último backup: 2.9986111111111
[2025-12-08 01:02:02] Ainda não atingiu o intervalo necessário.
[2025-12-08 02:02:02] Cron iniciado.
[2025-12-08 02:02:02] Config carregada: intervalo=6h, email=backupconectaosc@iteva.org.br
[2025-12-08 02:02:02] Diferença de horas desde último backup: 3.9986111111111
[2025-12-08 02:02:02] Ainda não atingiu o intervalo necessário.
[2025-12-08 03:02:01] Cron iniciado.
[2025-12-08 03:02:01] Config carregada: intervalo=6h, email=backupconectaosc@iteva.org.br
[2025-12-08 03:02:01] Diferença de horas desde último backup: 4.9983333333333
[2025-12-08 03:02:01] Ainda não atingiu o intervalo necessário.
[2025-12-08 04:02:02] Cron iniciado.
[2025-12-08 04:02:02] Config carregada: intervalo=6h, email=backupconectaosc@iteva.org.br
[2025-12-08 04:02:02] Diferença de horas desde último backup: 5.9986111111111
[2025-12-08 04:02:02] Ainda não atingiu o intervalo necessário.
[2025-12-08 05:02:01] Cron iniciado.
[2025-12-08 05:02:01] Config carregada: intervalo=6h, email=backupconectaosc@iteva.org.br
[2025-12-08 05:02:01] Diferença de horas desde último backup: 6.9983333333333
[2025-12-08 05:02:01] Tempo suficiente, vai rodar backup.
[2025-12-08 05:02:01] Executando comando mysqldump: mysqldump -u mwtech63_admin_matricula -pIteva@100 mwtech63_matricula > /home1/mwtech63/iteva.com.br/conectaosc/app/backup/backup_2025-12-08_05-02-01.sql
[2025-12-08 05:02:03] Arquivo de backup gerado com sucesso.
[2025-12-08 05:02:03] Tentando enviar e-mail para backupconectaosc@iteva.org.br...
[2025-12-08 05:02:03] E-mail enviado com sucesso!
[2025-12-08 05:02:03] Arquivo temporário apagado.
[2025-12-08 05:02:03] Iniciando backup das fotos...
[2025-12-08 05:02:07] Backup das fotos ZIP concluído (640 arquivos). Arquivo salvo em: /home1/mwtech63/iteva.com.br/conectaosc/app/backup/fotos/fotos_backup_2025-12-08_05-02-01.zip
[2025-12-08 05:02:07] Iniciando limpeza de ZIPs antigos...
[2025-12-08 05:02:07] Removido ZIP antigo: fotos_backup_2025-11-23_02-00-02.zip
[2025-12-08 05:02:07] Limpeza concluída. Total removido: 1 ZIPs antigos.
[2025-12-08 05:02:07] Timestamp atualizado. Processo finalizado.


[2025-12-08 06:02:01] Cron iniciado.
[2025-12-08 06:02:01] Config carregada: intervalo=6h, email=backupconectaosc@iteva.org.br
[2025-12-08 06:02:01] Diferença de horas desde último backup: 0.99833333333333
[2025-12-08 06:02:01] Ainda não atingiu o intervalo necessário.
[2025-12-08 07:02:01] Cron iniciado.
[2025-12-08 07:02:01] Config carregada: intervalo=6h, email=backupconectaosc@iteva.org.br
[2025-12-08 07:02:01] Diferença de horas desde último backup: 1.9983333333333
[2025-12-08 07:02:01] Ainda não atingiu o intervalo necessário.
[2025-12-08 08:02:02] Cron iniciado.
[2025-12-08 08:02:02] Config carregada: intervalo=6h, email=backupconectaosc@iteva.org.br
[2025-12-08 08:02:02] Diferença de horas desde último backup: 2.9986111111111
[2025-12-08 08:02:02] Ainda não atingiu o intervalo necessário.
[2025-12-08 09:02:02] Cron iniciado.
[2025-12-08 09:02:02] Config carregada: intervalo=6h, email=backupconectaosc@iteva.org.br
[2025-12-08 09:02:02] Diferença de horas desde último backup: 3.9986111111111
[2025-12-08 09:02:02] Ainda não atingiu o intervalo necessário.
[2025-12-08 10:02:02] Cron iniciado.
[2025-12-08 10:02:02] Config carregada: intervalo=6h, email=backupconectaosc@iteva.org.br
[2025-12-08 10:02:02] Diferença de horas desde último backup: 4.9986111111111
[2025-12-08 10:02:02] Ainda não atingiu o intervalo necessário.
[2025-12-08 11:02:02] Cron iniciado.
[2025-12-08 11:02:02] Config carregada: intervalo=6h, email=backupconectaosc@iteva.org.br
[2025-12-08 11:02:02] Diferença de horas desde último backup: 5.9986111111111
[2025-12-08 11:02:02] Ainda não atingiu o intervalo necessário.
[2025-12-08 12:02:02] Cron iniciado.
[2025-12-08 12:02:02] Config carregada: intervalo=6h, email=backupconectaosc@iteva.org.br
[2025-12-08 12:02:02] Diferença de horas desde último backup: 6.9986111111111
[2025-12-08 12:02:02] Tempo suficiente, vai rodar backup.
[2025-12-08 12:02:02] Executando comando mysqldump: mysqldump -u mwtech63_admin_matricula -pIteva@100 mwtech63_matricula > /home1/mwtech63/iteva.com.br/conectaosc/app/backup/backup_2025-12-08_12-02-02.sql
[2025-12-08 12:02:08] Arquivo de backup gerado com sucesso.
[2025-12-08 12:02:08] Tentando enviar e-mail para backupconectaosc@iteva.org.br...
[2025-12-08 12:02:08] E-mail enviado com sucesso!
[2025-12-08 12:02:08] Arquivo temporário apagado.
[2025-12-08 12:02:08] Iniciando backup das fotos...
[2025-12-08 12:02:18] Backup das fotos ZIP concluído (640 arquivos). Arquivo salvo em: /home1/mwtech63/iteva.com.br/conectaosc/app/backup/fotos/fotos_backup_2025-12-08_12-02-02.zip
[2025-12-08 12:02:18] Iniciando limpeza de ZIPs antigos...
[2025-12-08 12:02:18] Removido ZIP antigo: fotos_backup_2025-11-23_09-00-02.zip
[2025-12-08 12:02:18] Limpeza concluída. Total removido: 1 ZIPs antigos.
[2025-12-08 12:02:18] Timestamp atualizado. Processo finalizado.


[2025-12-08 13:02:02] Cron iniciado.
[2025-12-08 13:02:02] Config carregada: intervalo=6h, email=backupconectaosc@iteva.org.br
[2025-12-08 13:02:02] Diferença de horas desde último backup: 0.99555555555556
[2025-12-08 13:02:02] Ainda não atingiu o intervalo necessário.
[2025-12-08 14:02:02] Cron iniciado.
[2025-12-08 14:02:03] Config carregada: intervalo=6h, email=backupconectaosc@iteva.org.br
[2025-12-08 14:02:03] Diferença de horas desde último backup: 1.9958333333333
[2025-12-08 14:02:03] Ainda não atingiu o intervalo necessário.
[2025-12-08 15:02:02] Cron iniciado.
[2025-12-08 15:02:02] Config carregada: intervalo=6h, email=backupconectaosc@iteva.org.br
[2025-12-08 15:02:02] Diferença de horas desde último backup: 2.9955555555556
[2025-12-08 15:02:02] Ainda não atingiu o intervalo necessário.
[2025-12-08 16:02:02] Cron iniciado.
[2025-12-08 16:02:02] Config carregada: intervalo=6h, email=backupconectaosc@iteva.org.br
[2025-12-08 16:02:02] Diferença de horas desde último backup: 3.9955555555556
[2025-12-08 16:02:02] Ainda não atingiu o intervalo necessário.
[2025-12-08 17:02:02] Cron iniciado.
[2025-12-08 17:02:02] Config carregada: intervalo=6h, email=backupconectaosc@iteva.org.br
[2025-12-08 17:02:02] Diferença de horas desde último backup: 4.9955555555556
[2025-12-08 17:02:02] Ainda não atingiu o intervalo necessário.
[2025-12-08 18:02:02] Cron iniciado.
[2025-12-08 18:02:02] Config carregada: intervalo=6h, email=backupconectaosc@iteva.org.br
[2025-12-08 18:02:02] Diferença de horas desde último backup: 5.9955555555556
[2025-12-08 18:02:02] Ainda não atingiu o intervalo necessário.
[2025-12-08 19:02:02] Cron iniciado.
[2025-12-08 19:02:02] Config carregada: intervalo=6h, email=backupconectaosc@iteva.org.br
[2025-12-08 19:02:02] Diferença de horas desde último backup: 6.9955555555556
[2025-12-08 19:02:02] Tempo suficiente, vai rodar backup.
[2025-12-08 19:02:02] Executando comando mysqldump: mysqldump -u mwtech63_admin_matricula -pIteva@100 mwtech63_matricula > /home1/mwtech63/iteva.com.br/conectaosc/app/backup/backup_2025-12-08_19-02-02.sql
[2025-12-08 19:02:05] Arquivo de backup gerado com sucesso.
[2025-12-08 19:02:05] Tentando enviar e-mail para backupconectaosc@iteva.org.br...
[2025-12-08 19:02:06] E-mail enviado com sucesso!
[2025-12-08 19:02:06] Arquivo temporário apagado.
[2025-12-08 19:02:06] Iniciando backup das fotos...
[2025-12-08 19:02:13] Backup das fotos ZIP concluído (640 arquivos). Arquivo salvo em: /home1/mwtech63/iteva.com.br/conectaosc/app/backup/fotos/fotos_backup_2025-12-08_19-02-02.zip
[2025-12-08 19:02:13] Iniciando limpeza de ZIPs antigos...
[2025-12-08 19:02:13] Removido ZIP antigo: fotos_backup_2025-11-23_15-02-02.zip
[2025-12-08 19:02:13] Limpeza concluída. Total removido: 1 ZIPs antigos.
[2025-12-08 19:02:13] Timestamp atualizado. Processo finalizado.


[2025-12-08 20:02:02] Cron iniciado.
[2025-12-08 20:02:02] Config carregada: intervalo=6h, email=backupconectaosc@iteva.org.br
[2025-12-08 20:02:02] Diferença de horas desde último backup: 0.99694444444444
[2025-12-08 20:02:02] Ainda não atingiu o intervalo necessário.
[2025-12-08 21:02:02] Cron iniciado.
[2025-12-08 21:02:02] Config carregada: intervalo=6h, email=backupconectaosc@iteva.org.br
[2025-12-08 21:02:02] Diferença de horas desde último backup: 1.9969444444444
[2025-12-08 21:02:02] Ainda não atingiu o intervalo necessário.
[2025-12-08 22:02:02] Cron iniciado.
[2025-12-08 22:02:02] Config carregada: intervalo=6h, email=backupconectaosc@iteva.org.br
[2025-12-08 22:02:02] Diferença de horas desde último backup: 2.9969444444444
[2025-12-08 22:02:02] Ainda não atingiu o intervalo necessário.
[2025-12-08 23:02:02] Cron iniciado.
[2025-12-08 23:02:02] Config carregada: intervalo=6h, email=backupconectaosc@iteva.org.br
[2025-12-08 23:02:02] Diferença de horas desde último backup: 3.9969444444444
[2025-12-08 23:02:02] Ainda não atingiu o intervalo necessário.
[2025-12-09 00:02:02] Cron iniciado.
[2025-12-09 00:02:02] Config carregada: intervalo=6h, email=backupconectaosc@iteva.org.br
[2025-12-09 00:02:02] Diferença de horas desde último backup: 4.9969444444444
[2025-12-09 00:02:02] Ainda não atingiu o intervalo necessário.
[2025-12-09 01:02:01] Cron iniciado.
[2025-12-09 01:02:02] Config carregada: intervalo=6h, email=backupconectaosc@iteva.org.br
[2025-12-09 01:02:02] Diferença de horas desde último backup: 5.9969444444444
[2025-12-09 01:02:02] Ainda não atingiu o intervalo necessário.
[2025-12-09 02:02:02] Cron iniciado.
[2025-12-09 02:02:02] Config carregada: intervalo=6h, email=backupconectaosc@iteva.org.br
[2025-12-09 02:02:02] Diferença de horas desde último backup: 6.9969444444444
[2025-12-09 02:02:02] Tempo suficiente, vai rodar backup.
[2025-12-09 02:02:02] Executando comando mysqldump: mysqldump -u mwtech63_admin_matricula -pIteva@100 mwtech63_matricula > /home1/mwtech63/iteva.com.br/conectaosc/app/backup/backup_2025-12-09_02-02-02.sql
[2025-12-09 02:02:05] Arquivo de backup gerado com sucesso.
[2025-12-09 02:02:05] Tentando enviar e-mail para backupconectaosc@iteva.org.br...
[2025-12-09 02:02:06] E-mail enviado com sucesso!
[2025-12-09 02:02:06] Arquivo temporário apagado.
[2025-12-09 02:02:06] Iniciando backup das fotos...
[2025-12-09 02:02:12] Backup das fotos ZIP concluído (640 arquivos). Arquivo salvo em: /home1/mwtech63/iteva.com.br/conectaosc/app/backup/fotos/fotos_backup_2025-12-09_02-02-02.zip
[2025-12-09 02:02:12] Iniciando limpeza de ZIPs antigos...
[2025-12-09 02:02:12] Removido ZIP antigo: fotos_backup_2025-11-23_22-02-01.zip
[2025-12-09 02:02:12] Limpeza concluída. Total removido: 1 ZIPs antigos.
[2025-12-09 02:02:12] Timestamp atualizado. Processo finalizado.


[2025-12-09 03:02:01] Cron iniciado.
[2025-12-09 03:02:01] Config carregada: intervalo=6h, email=backupconectaosc@iteva.org.br
[2025-12-09 03:02:01] Diferença de horas desde último backup: 0.99694444444444
[2025-12-09 03:02:01] Ainda não atingiu o intervalo necessário.
[2025-12-09 04:02:02] Cron iniciado.
[2025-12-09 04:02:02] Config carregada: intervalo=6h, email=backupconectaosc@iteva.org.br
[2025-12-09 04:02:02] Diferença de horas desde último backup: 1.9972222222222
[2025-12-09 04:02:02] Ainda não atingiu o intervalo necessário.
[2025-12-09 05:02:02] Cron iniciado.
[2025-12-09 05:02:02] Config carregada: intervalo=6h, email=backupconectaosc@iteva.org.br
[2025-12-09 05:02:02] Diferença de horas desde último backup: 2.9972222222222
[2025-12-09 05:02:02] Ainda não atingiu o intervalo necessário.
[2025-12-09 06:02:02] Cron iniciado.
[2025-12-09 06:02:02] Config carregada: intervalo=6h, email=backupconectaosc@iteva.org.br
[2025-12-09 06:02:02] Diferença de horas desde último backup: 3.9972222222222
[2025-12-09 06:02:02] Ainda não atingiu o intervalo necessário.
[2025-12-09 07:02:02] Cron iniciado.
[2025-12-09 07:02:02] Config carregada: intervalo=6h, email=backupconectaosc@iteva.org.br
[2025-12-09 07:02:02] Diferença de horas desde último backup: 4.9972222222222
[2025-12-09 07:02:02] Ainda não atingiu o intervalo necessário.
[2025-12-09 08:02:02] Cron iniciado.
[2025-12-09 08:02:02] Config carregada: intervalo=6h, email=backupconectaosc@iteva.org.br
[2025-12-09 08:02:02] Diferença de horas desde último backup: 5.9972222222222
[2025-12-09 08:02:02] Ainda não atingiu o intervalo necessário.
[2025-12-09 09:02:02] Cron iniciado.
[2025-12-09 09:02:02] Config carregada: intervalo=6h, email=backupconectaosc@iteva.org.br
[2025-12-09 09:02:02] Diferença de horas desde último backup: 6.9972222222222
[2025-12-09 09:02:02] Tempo suficiente, vai rodar backup.
[2025-12-09 09:02:02] Executando comando mysqldump: mysqldump -u mwtech63_admin_matricula -pIteva@100 mwtech63_matricula > /home1/mwtech63/iteva.com.br/conectaosc/app/backup/backup_2025-12-09_09-02-02.sql
[2025-12-09 09:02:08] Arquivo de backup gerado com sucesso.
[2025-12-09 09:02:08] Tentando enviar e-mail para backupconectaosc@iteva.org.br...
[2025-12-09 09:02:08] E-mail enviado com sucesso!
[2025-12-09 09:02:08] Arquivo temporário apagado.
[2025-12-09 09:02:08] Iniciando backup das fotos...
[2025-12-09 09:02:20] Backup das fotos ZIP concluído (643 arquivos). Arquivo salvo em: /home1/mwtech63/iteva.com.br/conectaosc/app/backup/fotos/fotos_backup_2025-12-09_09-02-02.zip
[2025-12-09 09:02:20] Iniciando limpeza de ZIPs antigos...
[2025-12-09 09:02:20] Removido ZIP antigo: fotos_backup_2025-11-24_05-02-02.zip
[2025-12-09 09:02:20] Limpeza concluída. Total removido: 1 ZIPs antigos.
[2025-12-09 09:02:20] Timestamp atualizado. Processo finalizado.


[2025-12-09 10:02:02] Cron iniciado.
[2025-12-09 10:02:02] Config carregada: intervalo=6h, email=backupconectaosc@iteva.org.br
[2025-12-09 10:02:02] Diferença de horas desde último backup: 0.995
[2025-12-09 10:02:02] Ainda não atingiu o intervalo necessário.
[2025-12-09 11:02:02] Cron iniciado.
[2025-12-09 11:02:02] Config carregada: intervalo=6h, email=backupconectaosc@iteva.org.br
[2025-12-09 11:02:02] Diferença de horas desde último backup: 1.995
[2025-12-09 11:02:02] Ainda não atingiu o intervalo necessário.
[2025-12-09 12:02:02] Cron iniciado.
[2025-12-09 12:02:02] Config carregada: intervalo=6h, email=backupconectaosc@iteva.org.br
[2025-12-09 12:02:02] Diferença de horas desde último backup: 2.995
[2025-12-09 12:02:02] Ainda não atingiu o intervalo necessário.
[2025-12-09 13:02:02] Cron iniciado.
[2025-12-09 13:02:02] Config carregada: intervalo=6h, email=backupconectaosc@iteva.org.br
[2025-12-09 13:02:02] Diferença de horas desde último backup: 3.995
[2025-12-09 13:02:02] Ainda não atingiu o intervalo necessário.
[2025-12-09 14:02:01] Cron iniciado.
[2025-12-09 14:02:01] Config carregada: intervalo=6h, email=backupconectaosc@iteva.org.br
[2025-12-09 14:02:01] Diferença de horas desde último backup: 4.9947222222222
[2025-12-09 14:02:01] Ainda não atingiu o intervalo necessário.
[2025-12-09 15:02:01] Cron iniciado.
[2025-12-09 15:02:01] Config carregada: intervalo=6h, email=backupconectaosc@iteva.org.br
[2025-12-09 15:02:01] Diferença de horas desde último backup: 5.9947222222222
[2025-12-09 15:02:01] Ainda não atingiu o intervalo necessário.
[2025-12-09 16:02:01] Cron iniciado.
[2025-12-09 16:02:01] Config carregada: intervalo=6h, email=backupconectaosc@iteva.org.br
[2025-12-09 16:02:01] Diferença de horas desde último backup: 6.9947222222222
[2025-12-09 16:02:01] Tempo suficiente, vai rodar backup.
[2025-12-09 16:02:01] Executando comando mysqldump: mysqldump -u mwtech63_admin_matricula -pIteva@100 mwtech63_matricula > /home1/mwtech63/iteva.com.br/conectaosc/app/backup/backup_2025-12-09_16-02-01.sql
[2025-12-09 16:02:03] Arquivo de backup gerado com sucesso.
[2025-12-09 16:02:03] Tentando enviar e-mail para backupconectaosc@iteva.org.br...
[2025-12-09 16:02:03] E-mail enviado com sucesso!
[2025-12-09 16:02:03] Arquivo temporário apagado.
[2025-12-09 16:02:03] Iniciando backup das fotos...
[2025-12-09 16:02:07] Backup das fotos ZIP concluído (647 arquivos). Arquivo salvo em: /home1/mwtech63/iteva.com.br/conectaosc/app/backup/fotos/fotos_backup_2025-12-09_16-02-01.zip
[2025-12-09 16:02:07] Iniciando limpeza de ZIPs antigos...
[2025-12-09 16:02:07] Removido ZIP antigo: fotos_backup_2025-11-24_12-02-02.zip
[2025-12-09 16:02:07] Limpeza concluída. Total removido: 1 ZIPs antigos.
[2025-12-09 16:02:07] Timestamp atualizado. Processo finalizado.


[2025-12-09 17:02:01] Cron iniciado.
[2025-12-09 17:02:01] Config carregada: intervalo=6h, email=backupconectaosc@iteva.org.br
[2025-12-09 17:02:01] Diferença de horas desde último backup: 0.99833333333333
[2025-12-09 17:02:01] Ainda não atingiu o intervalo necessário.
[2025-12-09 18:02:01] Cron iniciado.
[2025-12-09 18:02:01] Config carregada: intervalo=6h, email=backupconectaosc@iteva.org.br
[2025-12-09 18:02:01] Diferença de horas desde último backup: 1.9983333333333
[2025-12-09 18:02:01] Ainda não atingiu o intervalo necessário.
[2025-12-09 19:02:01] Cron iniciado.
[2025-12-09 19:02:01] Config carregada: intervalo=6h, email=backupconectaosc@iteva.org.br
[2025-12-09 19:02:01] Diferença de horas desde último backup: 2.9983333333333
[2025-12-09 19:02:01] Ainda não atingiu o intervalo necessário.
[2025-12-09 20:02:02] Cron iniciado.
[2025-12-09 20:02:02] Config carregada: intervalo=6h, email=backupconectaosc@iteva.org.br
[2025-12-09 20:02:02] Diferença de horas desde último backup: 3.9986111111111
[2025-12-09 20:02:02] Ainda não atingiu o intervalo necessário.
[2025-12-09 21:02:02] Cron iniciado.
[2025-12-09 21:02:02] Config carregada: intervalo=6h, email=backupconectaosc@iteva.org.br
[2025-12-09 21:02:02] Diferença de horas desde último backup: 4.9986111111111
[2025-12-09 21:02:02] Ainda não atingiu o intervalo necessário.
[2025-12-09 22:02:02] Cron iniciado.
[2025-12-09 22:02:02] Config carregada: intervalo=6h, email=backupconectaosc@iteva.org.br
[2025-12-09 22:02:02] Diferença de horas desde último backup: 5.9986111111111
[2025-12-09 22:02:02] Ainda não atingiu o intervalo necessário.
[2025-12-09 23:02:01] Cron iniciado.
[2025-12-09 23:02:01] Config carregada: intervalo=6h, email=backupconectaosc@iteva.org.br
[2025-12-09 23:02:01] Diferença de horas desde último backup: 6.9983333333333
[2025-12-09 23:02:01] Tempo suficiente, vai rodar backup.
[2025-12-09 23:02:01] Executando comando mysqldump: mysqldump -u mwtech63_admin_matricula -pIteva@100 mwtech63_matricula > /home1/mwtech63/iteva.com.br/conectaosc/app/backup/backup_2025-12-09_23-02-01.sql
[2025-12-09 23:02:03] Arquivo de backup gerado com sucesso.
[2025-12-09 23:02:03] Tentando enviar e-mail para backupconectaosc@iteva.org.br...
[2025-12-09 23:02:03] E-mail enviado com sucesso!
[2025-12-09 23:02:03] Arquivo temporário apagado.
[2025-12-09 23:02:03] Iniciando backup das fotos...
[2025-12-09 23:02:07] Backup das fotos ZIP concluído (647 arquivos). Arquivo salvo em: /home1/mwtech63/iteva.com.br/conectaosc/app/backup/fotos/fotos_backup_2025-12-09_23-02-01.zip
[2025-12-09 23:02:07] Iniciando limpeza de ZIPs antigos...
[2025-12-09 23:02:07] Removido ZIP antigo: fotos_backup_2025-11-24_19-02-02.zip
[2025-12-09 23:02:07] Limpeza concluída. Total removido: 1 ZIPs antigos.
[2025-12-09 23:02:07] Timestamp atualizado. Processo finalizado.


[2025-12-10 00:02:01] Cron iniciado.
[2025-12-10 00:02:01] Config carregada: intervalo=6h, email=backupconectaosc@iteva.org.br
[2025-12-10 00:02:01] Diferença de horas desde último backup: 0.99833333333333
[2025-12-10 00:02:01] Ainda não atingiu o intervalo necessário.
[2025-12-10 01:02:02] Cron iniciado.
[2025-12-10 01:02:02] Config carregada: intervalo=6h, email=backupconectaosc@iteva.org.br
[2025-12-10 01:02:02] Diferença de horas desde último backup: 1.9986111111111
[2025-12-10 01:02:02] Ainda não atingiu o intervalo necessário.
[2025-12-10 02:02:02] Cron iniciado.
[2025-12-10 02:02:02] Config carregada: intervalo=6h, email=backupconectaosc@iteva.org.br
[2025-12-10 02:02:02] Diferença de horas desde último backup: 2.9986111111111
[2025-12-10 02:02:02] Ainda não atingiu o intervalo necessário.
[2025-12-10 03:02:02] Cron iniciado.
[2025-12-10 03:02:02] Config carregada: intervalo=6h, email=backupconectaosc@iteva.org.br
[2025-12-10 03:02:02] Diferença de horas desde último backup: 3.9986111111111
[2025-12-10 03:02:02] Ainda não atingiu o intervalo necessário.
[2025-12-10 04:02:02] Cron iniciado.
[2025-12-10 04:02:02] Config carregada: intervalo=6h, email=backupconectaosc@iteva.org.br
[2025-12-10 04:02:02] Diferença de horas desde último backup: 4.9986111111111
[2025-12-10 04:02:02] Ainda não atingiu o intervalo necessário.
[2025-12-10 05:02:01] Cron iniciado.
[2025-12-10 05:02:01] Config carregada: intervalo=6h, email=backupconectaosc@iteva.org.br
[2025-12-10 05:02:01] Diferença de horas desde último backup: 5.9983333333333
[2025-12-10 05:02:01] Ainda não atingiu o intervalo necessário.
[2025-12-10 06:02:01] Cron iniciado.
[2025-12-10 06:02:01] Config carregada: intervalo=6h, email=backupconectaosc@iteva.org.br
[2025-12-10 06:02:01] Diferença de horas desde último backup: 6.9983333333333
[2025-12-10 06:02:01] Tempo suficiente, vai rodar backup.
[2025-12-10 06:02:01] Executando comando mysqldump: mysqldump -u mwtech63_admin_matricula -pIteva@100 mwtech63_matricula > /home1/mwtech63/iteva.com.br/conectaosc/app/backup/backup_2025-12-10_06-02-01.sql
[2025-12-10 06:02:03] Arquivo de backup gerado com sucesso.
[2025-12-10 06:02:03] Tentando enviar e-mail para backupconectaosc@iteva.org.br...
[2025-12-10 06:02:03] E-mail enviado com sucesso!
[2025-12-10 06:02:03] Arquivo temporário apagado.
[2025-12-10 06:02:03] Iniciando backup das fotos...
[2025-12-10 06:02:07] Backup das fotos ZIP concluído (647 arquivos). Arquivo salvo em: /home1/mwtech63/iteva.com.br/conectaosc/app/backup/fotos/fotos_backup_2025-12-10_06-02-01.zip
[2025-12-10 06:02:07] Iniciando limpeza de ZIPs antigos...
[2025-12-10 06:02:07] Removido ZIP antigo: fotos_backup_2025-11-25_02-02-02.zip
[2025-12-10 06:02:07] Limpeza concluída. Total removido: 1 ZIPs antigos.
[2025-12-10 06:02:07] Timestamp atualizado. Processo finalizado.


[2025-12-10 07:02:01] Cron iniciado.
[2025-12-10 07:02:01] Config carregada: intervalo=6h, email=backupconectaosc@iteva.org.br
[2025-12-10 07:02:01] Diferença de horas desde último backup: 0.99833333333333
[2025-12-10 07:02:01] Ainda não atingiu o intervalo necessário.
[2025-12-10 08:02:01] Cron iniciado.
[2025-12-10 08:02:01] Config carregada: intervalo=6h, email=backupconectaosc@iteva.org.br
[2025-12-10 08:02:01] Diferença de horas desde último backup: 1.9983333333333
[2025-12-10 08:02:01] Ainda não atingiu o intervalo necessário.
[2025-12-10 09:02:01] Cron iniciado.
[2025-12-10 09:02:01] Config carregada: intervalo=6h, email=backupconectaosc@iteva.org.br
[2025-12-10 09:02:01] Diferença de horas desde último backup: 2.9983333333333
[2025-12-10 09:02:01] Ainda não atingiu o intervalo necessário.
[2025-12-10 10:02:01] Cron iniciado.
[2025-12-10 10:02:01] Config carregada: intervalo=6h, email=backupconectaosc@iteva.org.br
[2025-12-10 10:02:01] Diferença de horas desde último backup: 3.9983333333333
[2025-12-10 10:02:01] Ainda não atingiu o intervalo necessário.
[2025-12-10 11:02:02] Cron iniciado.
[2025-12-10 11:02:02] Config carregada: intervalo=6h, email=backupconectaosc@iteva.org.br
[2025-12-10 11:02:02] Diferença de horas desde último backup: 4.9986111111111
[2025-12-10 11:02:02] Ainda não atingiu o intervalo necessário.
[2025-12-10 12:02:01] Cron iniciado.
[2025-12-10 12:02:01] Config carregada: intervalo=6h, email=backupconectaosc@iteva.org.br
[2025-12-10 12:02:01] Diferença de horas desde último backup: 5.9983333333333
[2025-12-10 12:02:01] Ainda não atingiu o intervalo necessário.
[2025-12-10 13:02:02] Cron iniciado.
[2025-12-10 13:02:02] Config carregada: intervalo=6h, email=backupconectaosc@iteva.org.br
[2025-12-10 13:02:02] Diferença de horas desde último backup: 6.9986111111111
[2025-12-10 13:02:02] Tempo suficiente, vai rodar backup.
[2025-12-10 13:02:02] Executando comando mysqldump: mysqldump -u mwtech63_admin_matricula -pIteva@100 mwtech63_matricula > /home1/mwtech63/iteva.com.br/conectaosc/app/backup/backup_2025-12-10_13-02-02.sql
[2025-12-10 13:02:03] Arquivo de backup gerado com sucesso.
[2025-12-10 13:02:03] Tentando enviar e-mail para backupconectaosc@iteva.org.br...
[2025-12-10 13:02:03] E-mail enviado com sucesso!
[2025-12-10 13:02:03] Arquivo temporário apagado.
[2025-12-10 13:02:03] Iniciando backup das fotos...
[2025-12-10 13:02:06] Backup das fotos ZIP concluído (648 arquivos). Arquivo salvo em: /home1/mwtech63/iteva.com.br/conectaosc/app/backup/fotos/fotos_backup_2025-12-10_13-02-02.zip
[2025-12-10 13:02:06] Iniciando limpeza de ZIPs antigos...
[2025-12-10 13:02:06] Removido ZIP antigo: fotos_backup_2025-11-25_09-02-02.zip
[2025-12-10 13:02:06] Limpeza concluída. Total removido: 1 ZIPs antigos.
[2025-12-10 13:02:06] Timestamp atualizado. Processo finalizado.


[2025-12-10 14:02:01] Cron iniciado.
[2025-12-10 14:02:01] Config carregada: intervalo=6h, email=backupconectaosc@iteva.org.br
[2025-12-10 14:02:01] Diferença de horas desde último backup: 0.99861111111111
[2025-12-10 14:02:01] Ainda não atingiu o intervalo necessário.
[2025-12-10 15:02:01] Cron iniciado.
[2025-12-10 15:02:01] Config carregada: intervalo=6h, email=backupconectaosc@iteva.org.br
[2025-12-10 15:02:01] Diferença de horas desde último backup: 1.9986111111111
[2025-12-10 15:02:01] Ainda não atingiu o intervalo necessário.
[2025-12-10 16:02:01] Cron iniciado.
[2025-12-10 16:02:01] Config carregada: intervalo=6h, email=backupconectaosc@iteva.org.br
[2025-12-10 16:02:01] Diferença de horas desde último backup: 2.9986111111111
[2025-12-10 16:02:01] Ainda não atingiu o intervalo necessário.
[2025-12-10 17:02:01] Cron iniciado.
[2025-12-10 17:02:01] Config carregada: intervalo=6h, email=backupconectaosc@iteva.org.br
[2025-12-10 17:02:01] Diferença de horas desde último backup: 3.9986111111111
[2025-12-10 17:02:01] Ainda não atingiu o intervalo necessário.
[2025-12-10 18:02:01] Cron iniciado.
[2025-12-10 18:02:01] Config carregada: intervalo=6h, email=backupconectaosc@iteva.org.br
[2025-12-10 18:02:01] Diferença de horas desde último backup: 4.9986111111111
[2025-12-10 18:02:01] Ainda não atingiu o intervalo necessário.
[2025-12-10 19:02:02] Cron iniciado.
[2025-12-10 19:02:02] Config carregada: intervalo=6h, email=backupconectaosc@iteva.org.br
[2025-12-10 19:02:02] Diferença de horas desde último backup: 5.9988888888889
[2025-12-10 19:02:02] Ainda não atingiu o intervalo necessário.
[2025-12-10 20:02:02] Cron iniciado.
[2025-12-10 20:02:02] Config carregada: intervalo=6h, email=backupconectaosc@iteva.org.br
[2025-12-10 20:02:02] Diferença de horas desde último backup: 6.9988888888889
[2025-12-10 20:02:02] Tempo suficiente, vai rodar backup.
[2025-12-10 20:02:02] Executando comando mysqldump: mysqldump -u mwtech63_admin_matricula -pIteva@100 mwtech63_matricula > /home1/mwtech63/iteva.com.br/conectaosc/app/backup/backup_2025-12-10_20-02-02.sql
[2025-12-10 20:02:03] Arquivo de backup gerado com sucesso.
[2025-12-10 20:02:03] Tentando enviar e-mail para backupconectaosc@iteva.org.br...
[2025-12-10 20:02:03] E-mail enviado com sucesso!
[2025-12-10 20:02:03] Arquivo temporário apagado.
[2025-12-10 20:02:03] Iniciando backup das fotos...
[2025-12-10 20:02:06] Backup das fotos ZIP concluído (649 arquivos). Arquivo salvo em: /home1/mwtech63/iteva.com.br/conectaosc/app/backup/fotos/fotos_backup_2025-12-10_20-02-02.zip
[2025-12-10 20:02:06] Iniciando limpeza de ZIPs antigos...
[2025-12-10 20:02:06] Removido ZIP antigo: fotos_backup_2025-11-25_16-02-02.zip
[2025-12-10 20:02:06] Limpeza concluída. Total removido: 1 ZIPs antigos.
[2025-12-10 20:02:06] Timestamp atualizado. Processo finalizado.


[2025-12-10 21:02:01] Cron iniciado.
[2025-12-10 21:02:01] Config carregada: intervalo=6h, email=backupconectaosc@iteva.org.br
[2025-12-10 21:02:01] Diferença de horas desde último backup: 0.99861111111111
[2025-12-10 21:02:01] Ainda não atingiu o intervalo necessário.
[2025-12-10 22:02:01] Cron iniciado.
[2025-12-10 22:02:01] Config carregada: intervalo=6h, email=backupconectaosc@iteva.org.br
[2025-12-10 22:02:01] Diferença de horas desde último backup: 1.9986111111111
[2025-12-10 22:02:01] Ainda não atingiu o intervalo necessário.
[2025-12-10 23:02:02] Cron iniciado.
[2025-12-10 23:02:02] Config carregada: intervalo=6h, email=backupconectaosc@iteva.org.br
[2025-12-10 23:02:02] Diferença de horas desde último backup: 2.9988888888889
[2025-12-10 23:02:02] Ainda não atingiu o intervalo necessário.
[2025-12-11 00:02:02] Cron iniciado.
[2025-12-11 00:02:02] Config carregada: intervalo=6h, email=backupconectaosc@iteva.org.br
[2025-12-11 00:02:02] Diferença de horas desde último backup: 3.9988888888889
[2025-12-11 00:02:02] Ainda não atingiu o intervalo necessário.
[2025-12-11 01:02:01] Cron iniciado.
[2025-12-11 01:02:02] Config carregada: intervalo=6h, email=backupconectaosc@iteva.org.br
[2025-12-11 01:02:02] Diferença de horas desde último backup: 4.9988888888889
[2025-12-11 01:02:02] Ainda não atingiu o intervalo necessário.
[2025-12-11 02:02:01] Cron iniciado.
[2025-12-11 02:02:01] Config carregada: intervalo=6h, email=backupconectaosc@iteva.org.br
[2025-12-11 02:02:01] Diferença de horas desde último backup: 5.9986111111111
[2025-12-11 02:02:01] Ainda não atingiu o intervalo necessário.
[2025-12-11 03:02:02] Cron iniciado.
[2025-12-11 03:02:02] Config carregada: intervalo=6h, email=backupconectaosc@iteva.org.br
[2025-12-11 03:02:02] Diferença de horas desde último backup: 6.9988888888889
[2025-12-11 03:02:02] Tempo suficiente, vai rodar backup.
[2025-12-11 03:02:02] Executando comando mysqldump: mysqldump -u mwtech63_admin_matricula -pIteva@100 mwtech63_matricula > /home1/mwtech63/iteva.com.br/conectaosc/app/backup/backup_2025-12-11_03-02-02.sql
[2025-12-11 03:02:04] Arquivo de backup gerado com sucesso.
[2025-12-11 03:02:04] Tentando enviar e-mail para backupconectaosc@iteva.org.br...
[2025-12-11 03:02:04] E-mail enviado com sucesso!
[2025-12-11 03:02:04] Arquivo temporário apagado.
[2025-12-11 03:02:04] Iniciando backup das fotos...
[2025-12-11 03:02:07] Backup das fotos ZIP concluído (649 arquivos). Arquivo salvo em: /home1/mwtech63/iteva.com.br/conectaosc/app/backup/fotos/fotos_backup_2025-12-11_03-02-02.zip
[2025-12-11 03:02:07] Iniciando limpeza de ZIPs antigos...
[2025-12-11 03:02:07] Removido ZIP antigo: fotos_backup_2025-11-25_23-02-02.zip
[2025-12-11 03:02:07] Limpeza concluída. Total removido: 1 ZIPs antigos.
[2025-12-11 03:02:07] Timestamp atualizado. Processo finalizado.


[2025-12-11 04:02:01] Cron iniciado.
[2025-12-11 04:02:01] Config carregada: intervalo=6h, email=backupconectaosc@iteva.org.br
[2025-12-11 04:02:01] Diferença de horas desde último backup: 0.99833333333333
[2025-12-11 04:02:01] Ainda não atingiu o intervalo necessário.
[2025-12-11 05:02:01] Cron iniciado.
[2025-12-11 05:02:01] Config carregada: intervalo=6h, email=backupconectaosc@iteva.org.br
[2025-12-11 05:02:01] Diferença de horas desde último backup: 1.9983333333333
[2025-12-11 05:02:01] Ainda não atingiu o intervalo necessário.
[2025-12-11 06:02:02] Cron iniciado.
[2025-12-11 06:02:02] Config carregada: intervalo=6h, email=backupconectaosc@iteva.org.br
[2025-12-11 06:02:02] Diferença de horas desde último backup: 2.9986111111111
[2025-12-11 06:02:02] Ainda não atingiu o intervalo necessário.
[2025-12-11 07:02:02] Cron iniciado.
[2025-12-11 07:02:02] Config carregada: intervalo=6h, email=backupconectaosc@iteva.org.br
[2025-12-11 07:02:02] Diferença de horas desde último backup: 3.9986111111111
[2025-12-11 07:02:02] Ainda não atingiu o intervalo necessário.
[2025-12-11 08:02:01] Cron iniciado.
[2025-12-11 08:02:01] Config carregada: intervalo=6h, email=backupconectaosc@iteva.org.br
[2025-12-11 08:02:01] Diferença de horas desde último backup: 4.9983333333333
[2025-12-11 08:02:01] Ainda não atingiu o intervalo necessário.
[2025-12-11 09:02:02] Cron iniciado.
[2025-12-11 09:02:02] Config carregada: intervalo=6h, email=backupconectaosc@iteva.org.br
[2025-12-11 09:02:02] Diferença de horas desde último backup: 5.9986111111111
[2025-12-11 09:02:02] Ainda não atingiu o intervalo necessário.
[2025-12-11 10:02:02] Cron iniciado.
[2025-12-11 10:02:02] Config carregada: intervalo=6h, email=backupconectaosc@iteva.org.br
[2025-12-11 10:02:02] Diferença de horas desde último backup: 6.9986111111111
[2025-12-11 10:02:02] Tempo suficiente, vai rodar backup.
[2025-12-11 10:02:02] Executando comando mysqldump: mysqldump -u mwtech63_admin_matricula -pIteva@100 mwtech63_matricula > /home1/mwtech63/iteva.com.br/conectaosc/app/backup/backup_2025-12-11_10-02-02.sql
[2025-12-11 10:02:03] Arquivo de backup gerado com sucesso.
[2025-12-11 10:02:03] Tentando enviar e-mail para backupconectaosc@iteva.org.br...
[2025-12-11 10:02:03] E-mail enviado com sucesso!
[2025-12-11 10:02:03] Arquivo temporário apagado.
[2025-12-11 10:02:03] Iniciando backup das fotos...
[2025-12-11 10:02:07] Backup das fotos ZIP concluído (650 arquivos). Arquivo salvo em: /home1/mwtech63/iteva.com.br/conectaosc/app/backup/fotos/fotos_backup_2025-12-11_10-02-02.zip
[2025-12-11 10:02:07] Iniciando limpeza de ZIPs antigos...
[2025-12-11 10:02:07] Removido ZIP antigo: fotos_backup_2025-11-26_06-02-02.zip
[2025-12-11 10:02:07] Limpeza concluída. Total removido: 1 ZIPs antigos.
[2025-12-11 10:02:07] Timestamp atualizado. Processo finalizado.


[2025-12-11 11:02:02] Cron iniciado.
[2025-12-11 11:02:02] Config carregada: intervalo=6h, email=backupconectaosc@iteva.org.br
[2025-12-11 11:02:02] Diferença de horas desde último backup: 0.99861111111111
[2025-12-11 11:02:02] Ainda não atingiu o intervalo necessário.
[2025-12-11 12:02:02] Cron iniciado.
[2025-12-11 12:02:02] Config carregada: intervalo=6h, email=backupconectaosc@iteva.org.br
[2025-12-11 12:02:02] Diferença de horas desde último backup: 1.9986111111111
[2025-12-11 12:02:02] Ainda não atingiu o intervalo necessário.
[2025-12-11 13:02:01] Cron iniciado.
[2025-12-11 13:02:01] Config carregada: intervalo=6h, email=backupconectaosc@iteva.org.br
[2025-12-11 13:02:01] Diferença de horas desde último backup: 2.9983333333333
[2025-12-11 13:02:01] Ainda não atingiu o intervalo necessário.
[2025-12-11 14:02:01] Cron iniciado.
[2025-12-11 14:02:01] Config carregada: intervalo=6h, email=backupconectaosc@iteva.org.br
[2025-12-11 14:02:01] Diferença de horas desde último backup: 3.9983333333333
[2025-12-11 14:02:01] Ainda não atingiu o intervalo necessário.
[2025-12-11 15:02:01] Cron iniciado.
[2025-12-11 15:02:02] Config carregada: intervalo=6h, email=backupconectaosc@iteva.org.br
[2025-12-11 15:02:02] Diferença de horas desde último backup: 4.9986111111111
[2025-12-11 15:02:02] Ainda não atingiu o intervalo necessário.
[2025-12-11 16:02:02] Cron iniciado.
[2025-12-11 16:02:02] Config carregada: intervalo=6h, email=backupconectaosc@iteva.org.br
[2025-12-11 16:02:02] Diferença de horas desde último backup: 5.9986111111111
[2025-12-11 16:02:02] Ainda não atingiu o intervalo necessário.
[2025-12-11 17:02:02] Cron iniciado.
[2025-12-11 17:02:02] Config carregada: intervalo=6h, email=backupconectaosc@iteva.org.br
[2025-12-11 17:02:02] Diferença de horas desde último backup: 6.9986111111111
[2025-12-11 17:02:02] Tempo suficiente, vai rodar backup.
[2025-12-11 17:02:02] Executando comando mysqldump: mysqldump -u mwtech63_admin_matricula -pIteva@100 mwtech63_matricula > /home1/mwtech63/iteva.com.br/conectaosc/app/backup/backup_2025-12-11_17-02-02.sql
[2025-12-11 17:02:03] Arquivo de backup gerado com sucesso.
[2025-12-11 17:02:03] Tentando enviar e-mail para backupconectaosc@iteva.org.br...
[2025-12-11 17:02:03] E-mail enviado com sucesso!
[2025-12-11 17:02:03] Arquivo temporário apagado.
[2025-12-11 17:02:03] Iniciando backup das fotos...
[2025-12-11 17:02:06] Backup das fotos ZIP concluído (651 arquivos). Arquivo salvo em: /home1/mwtech63/iteva.com.br/conectaosc/app/backup/fotos/fotos_backup_2025-12-11_17-02-02.zip
[2025-12-11 17:02:06] Iniciando limpeza de ZIPs antigos...
[2025-12-11 17:02:06] Removido ZIP antigo: fotos_backup_2025-11-26_13-02-02.zip
[2025-12-11 17:02:06] Limpeza concluída. Total removido: 1 ZIPs antigos.
[2025-12-11 17:02:06] Timestamp atualizado. Processo finalizado.


[2025-12-11 18:02:02] Cron iniciado.
[2025-12-11 18:02:02] Config carregada: intervalo=6h, email=backupconectaosc@iteva.org.br
[2025-12-11 18:02:02] Diferença de horas desde último backup: 0.99888888888889
[2025-12-11 18:02:02] Ainda não atingiu o intervalo necessário.
[2025-12-11 19:02:01] Cron iniciado.
[2025-12-11 19:02:01] Config carregada: intervalo=6h, email=backupconectaosc@iteva.org.br
[2025-12-11 19:02:01] Diferença de horas desde último backup: 1.9986111111111
[2025-12-11 19:02:01] Ainda não atingiu o intervalo necessário.
[2025-12-11 20:02:02] Cron iniciado.
[2025-12-11 20:02:02] Config carregada: intervalo=6h, email=backupconectaosc@iteva.org.br
[2025-12-11 20:02:02] Diferença de horas desde último backup: 2.9988888888889
[2025-12-11 20:02:02] Ainda não atingiu o intervalo necessário.
[2025-12-11 21:02:02] Cron iniciado.
[2025-12-11 21:02:02] Config carregada: intervalo=6h, email=backupconectaosc@iteva.org.br
[2025-12-11 21:02:02] Diferença de horas desde último backup: 3.9988888888889
[2025-12-11 21:02:02] Ainda não atingiu o intervalo necessário.
[2025-12-11 22:02:02] Cron iniciado.
[2025-12-11 22:02:02] Config carregada: intervalo=6h, email=backupconectaosc@iteva.org.br
[2025-12-11 22:02:02] Diferença de horas desde último backup: 4.9988888888889
[2025-12-11 22:02:02] Ainda não atingiu o intervalo necessário.
[2025-12-11 23:02:02] Cron iniciado.
[2025-12-11 23:02:02] Config carregada: intervalo=6h, email=backupconectaosc@iteva.org.br
[2025-12-11 23:02:02] Diferença de horas desde último backup: 5.9988888888889
[2025-12-11 23:02:02] Ainda não atingiu o intervalo necessário.
[2025-12-12 00:02:01] Cron iniciado.
[2025-12-12 00:02:01] Config carregada: intervalo=6h, email=backupconectaosc@iteva.org.br
[2025-12-12 00:02:01] Diferença de horas desde último backup: 6.9986111111111
[2025-12-12 00:02:01] Tempo suficiente, vai rodar backup.
[2025-12-12 00:02:01] Executando comando mysqldump: mysqldump -u mwtech63_admin_matricula -pIteva@100 mwtech63_matricula > /home1/mwtech63/iteva.com.br/conectaosc/app/backup/backup_2025-12-12_00-02-01.sql
[2025-12-12 00:02:03] Arquivo de backup gerado com sucesso.
[2025-12-12 00:02:03] Tentando enviar e-mail para backupconectaosc@iteva.org.br...
[2025-12-12 00:02:03] E-mail enviado com sucesso!
[2025-12-12 00:02:03] Arquivo temporário apagado.
[2025-12-12 00:02:03] Iniciando backup das fotos...
[2025-12-12 00:02:06] Backup das fotos ZIP concluído (651 arquivos). Arquivo salvo em: /home1/mwtech63/iteva.com.br/conectaosc/app/backup/fotos/fotos_backup_2025-12-12_00-02-01.zip
[2025-12-12 00:02:06] Iniciando limpeza de ZIPs antigos...
[2025-12-12 00:02:06] Removido ZIP antigo: fotos_backup_2025-11-26_20-02-02.zip
[2025-12-12 00:02:06] Limpeza concluída. Total removido: 1 ZIPs antigos.
[2025-12-12 00:02:06] Timestamp atualizado. Processo finalizado.


[2025-12-12 01:02:01] Cron iniciado.
[2025-12-12 01:02:01] Config carregada: intervalo=6h, email=backupconectaosc@iteva.org.br
[2025-12-12 01:02:01] Diferença de horas desde último backup: 0.99861111111111
[2025-12-12 01:02:01] Ainda não atingiu o intervalo necessário.
[2025-12-12 02:02:02] Cron iniciado.
[2025-12-12 02:02:02] Config carregada: intervalo=6h, email=backupconectaosc@iteva.org.br
[2025-12-12 02:02:02] Diferença de horas desde último backup: 1.9988888888889
[2025-12-12 02:02:02] Ainda não atingiu o intervalo necessário.
[2025-12-12 03:02:01] Cron iniciado.
[2025-12-12 03:02:01] Config carregada: intervalo=6h, email=backupconectaosc@iteva.org.br
[2025-12-12 03:02:01] Diferença de horas desde último backup: 2.9986111111111
[2025-12-12 03:02:01] Ainda não atingiu o intervalo necessário.
[2025-12-12 04:02:02] Cron iniciado.
[2025-12-12 04:02:02] Config carregada: intervalo=6h, email=backupconectaosc@iteva.org.br
[2025-12-12 04:02:02] Diferença de horas desde último backup: 3.9988888888889
[2025-12-12 04:02:02] Ainda não atingiu o intervalo necessário.
[2025-12-12 05:02:01] Cron iniciado.
[2025-12-12 05:02:01] Config carregada: intervalo=6h, email=backupconectaosc@iteva.org.br
[2025-12-12 05:02:01] Diferença de horas desde último backup: 4.9986111111111
[2025-12-12 05:02:01] Ainda não atingiu o intervalo necessário.
[2025-12-12 06:02:02] Cron iniciado.
[2025-12-12 06:02:02] Config carregada: intervalo=6h, email=backupconectaosc@iteva.org.br
[2025-12-12 06:02:02] Diferença de horas desde último backup: 5.9988888888889
[2025-12-12 06:02:02] Ainda não atingiu o intervalo necessário.
[2025-12-12 07:02:02] Cron iniciado.
[2025-12-12 07:02:02] Config carregada: intervalo=6h, email=backupconectaosc@iteva.org.br
[2025-12-12 07:02:02] Diferença de horas desde último backup: 6.9988888888889
[2025-12-12 07:02:02] Tempo suficiente, vai rodar backup.
[2025-12-12 07:02:02] Executando comando mysqldump: mysqldump -u mwtech63_admin_matricula -pIteva@100 mwtech63_matricula > /home1/mwtech63/iteva.com.br/conectaosc/app/backup/backup_2025-12-12_07-02-02.sql
[2025-12-12 07:02:03] Arquivo de backup gerado com sucesso.
[2025-12-12 07:02:03] Tentando enviar e-mail para backupconectaosc@iteva.org.br...
[2025-12-12 07:02:03] E-mail enviado com sucesso!
[2025-12-12 07:02:03] Arquivo temporário apagado.
[2025-12-12 07:02:03] Iniciando backup das fotos...
[2025-12-12 07:02:06] Backup das fotos ZIP concluído (651 arquivos). Arquivo salvo em: /home1/mwtech63/iteva.com.br/conectaosc/app/backup/fotos/fotos_backup_2025-12-12_07-02-02.zip
[2025-12-12 07:02:06] Iniciando limpeza de ZIPs antigos...
[2025-12-12 07:02:06] Removido ZIP antigo: fotos_backup_2025-11-27_03-02-01.zip
[2025-12-12 07:02:06] Limpeza concluída. Total removido: 1 ZIPs antigos.
[2025-12-12 07:02:06] Timestamp atualizado. Processo finalizado.


[2025-12-12 08:02:02] Cron iniciado.
[2025-12-12 08:02:02] Config carregada: intervalo=6h, email=backupconectaosc@iteva.org.br
[2025-12-12 08:02:02] Diferença de horas desde último backup: 0.99888888888889
[2025-12-12 08:02:02] Ainda não atingiu o intervalo necessário.
[2025-12-12 09:02:01] Cron iniciado.
[2025-12-12 09:02:01] Config carregada: intervalo=6h, email=backupconectaosc@iteva.org.br
[2025-12-12 09:02:01] Diferença de horas desde último backup: 1.9986111111111
[2025-12-12 09:02:01] Ainda não atingiu o intervalo necessário.
[2025-12-12 10:02:01] Cron iniciado.
[2025-12-12 10:02:01] Config carregada: intervalo=6h, email=backupconectaosc@iteva.org.br
[2025-12-12 10:02:01] Diferença de horas desde último backup: 2.9986111111111
[2025-12-12 10:02:01] Ainda não atingiu o intervalo necessário.
[2025-12-12 11:02:01] Cron iniciado.
[2025-12-12 11:02:01] Config carregada: intervalo=6h, email=backupconectaosc@iteva.org.br
[2025-12-12 11:02:01] Diferença de horas desde último backup: 3.9986111111111
[2025-12-12 11:02:01] Ainda não atingiu o intervalo necessário.
[2025-12-12 12:02:01] Cron iniciado.
[2025-12-12 12:02:01] Config carregada: intervalo=6h, email=backupconectaosc@iteva.org.br
[2025-12-12 12:02:01] Diferença de horas desde último backup: 4.9986111111111
[2025-12-12 12:02:01] Ainda não atingiu o intervalo necessário.
[2025-12-12 13:02:01] Cron iniciado.
[2025-12-12 13:02:01] Config carregada: intervalo=6h, email=backupconectaosc@iteva.org.br
[2025-12-12 13:02:01] Diferença de horas desde último backup: 5.9986111111111
[2025-12-12 13:02:01] Ainda não atingiu o intervalo necessário.
[2025-12-12 14:02:01] Cron iniciado.
[2025-12-12 14:02:01] Config carregada: intervalo=6h, email=backupconectaosc@iteva.org.br
[2025-12-12 14:02:01] Diferença de horas desde último backup: 6.9986111111111
[2025-12-12 14:02:01] Tempo suficiente, vai rodar backup.
[2025-12-12 14:02:01] Executando comando mysqldump: mysqldump -u mwtech63_admin_matricula -pIteva@100 mwtech63_matricula > /home1/mwtech63/iteva.com.br/conectaosc/app/backup/backup_2025-12-12_14-02-01.sql
[2025-12-12 14:02:03] Arquivo de backup gerado com sucesso.
[2025-12-12 14:02:03] Tentando enviar e-mail para backupconectaosc@iteva.org.br...
[2025-12-12 14:02:03] E-mail enviado com sucesso!
[2025-12-12 14:02:03] Arquivo temporário apagado.
[2025-12-12 14:02:03] Iniciando backup das fotos...
[2025-12-12 14:02:06] Backup das fotos ZIP concluído (657 arquivos). Arquivo salvo em: /home1/mwtech63/iteva.com.br/conectaosc/app/backup/fotos/fotos_backup_2025-12-12_14-02-01.zip
[2025-12-12 14:02:06] Iniciando limpeza de ZIPs antigos...
[2025-12-12 14:02:06] Removido ZIP antigo: fotos_backup_2025-11-27_10-02-02.zip
[2025-12-12 14:02:06] Limpeza concluída. Total removido: 1 ZIPs antigos.
[2025-12-12 14:02:06] Timestamp atualizado. Processo finalizado.


[2025-12-12 15:02:02] Cron iniciado.
[2025-12-12 15:02:02] Config carregada: intervalo=6h, email=backupconectaosc@iteva.org.br
[2025-12-12 15:02:02] Diferença de horas desde último backup: 0.99888888888889
[2025-12-12 15:02:02] Ainda não atingiu o intervalo necessário.
[2025-12-12 16:02:01] Cron iniciado.
[2025-12-12 16:02:01] Config carregada: intervalo=6h, email=backupconectaosc@iteva.org.br
[2025-12-12 16:02:01] Diferença de horas desde último backup: 1.9986111111111
[2025-12-12 16:02:01] Ainda não atingiu o intervalo necessário.
[2025-12-12 17:02:01] Cron iniciado.
[2025-12-12 17:02:01] Config carregada: intervalo=6h, email=backupconectaosc@iteva.org.br
[2025-12-12 17:02:01] Diferença de horas desde último backup: 2.9986111111111
[2025-12-12 17:02:01] Ainda não atingiu o intervalo necessário.
[2025-12-12 18:02:01] Cron iniciado.
[2025-12-12 18:02:01] Config carregada: intervalo=6h, email=backupconectaosc@iteva.org.br
[2025-12-12 18:02:01] Diferença de horas desde último backup: 3.9986111111111
[2025-12-12 18:02:01] Ainda não atingiu o intervalo necessário.
[2025-12-12 19:02:02] Cron iniciado.
[2025-12-12 19:02:02] Config carregada: intervalo=6h, email=backupconectaosc@iteva.org.br
[2025-12-12 19:02:02] Diferença de horas desde último backup: 4.9988888888889
[2025-12-12 19:02:02] Ainda não atingiu o intervalo necessário.
[2025-12-12 20:02:01] Cron iniciado.
[2025-12-12 20:02:01] Config carregada: intervalo=6h, email=backupconectaosc@iteva.org.br
[2025-12-12 20:02:01] Diferença de horas desde último backup: 5.9986111111111
[2025-12-12 20:02:01] Ainda não atingiu o intervalo necessário.
[2025-12-12 21:02:01] Cron iniciado.
[2025-12-12 21:02:01] Config carregada: intervalo=6h, email=backupconectaosc@iteva.org.br
[2025-12-12 21:02:01] Diferença de horas desde último backup: 6.9986111111111
[2025-12-12 21:02:01] Tempo suficiente, vai rodar backup.
[2025-12-12 21:02:01] Executando comando mysqldump: mysqldump -u mwtech63_admin_matricula -pIteva@100 mwtech63_matricula > /home1/mwtech63/iteva.com.br/conectaosc/app/backup/backup_2025-12-12_21-02-01.sql
[2025-12-12 21:02:03] Arquivo de backup gerado com sucesso.
[2025-12-12 21:02:03] Tentando enviar e-mail para backupconectaosc@iteva.org.br...
[2025-12-12 21:02:03] E-mail enviado com sucesso!
[2025-12-12 21:02:03] Arquivo temporário apagado.
[2025-12-12 21:02:03] Iniciando backup das fotos...
[2025-12-12 21:02:06] Backup das fotos ZIP concluído (662 arquivos). Arquivo salvo em: /home1/mwtech63/iteva.com.br/conectaosc/app/backup/fotos/fotos_backup_2025-12-12_21-02-01.zip
[2025-12-12 21:02:06] Iniciando limpeza de ZIPs antigos...
[2025-12-12 21:02:06] Removido ZIP antigo: fotos_backup_2025-11-27_17-02-02.zip
[2025-12-12 21:02:06] Limpeza concluída. Total removido: 1 ZIPs antigos.
[2025-12-12 21:02:06] Timestamp atualizado. Processo finalizado.


[2025-12-12 22:02:01] Cron iniciado.
[2025-12-12 22:02:01] Config carregada: intervalo=6h, email=backupconectaosc@iteva.org.br
[2025-12-12 22:02:01] Diferença de horas desde último backup: 0.99861111111111
[2025-12-12 22:02:01] Ainda não atingiu o intervalo necessário.
[2025-12-12 23:02:02] Cron iniciado.
[2025-12-12 23:02:02] Config carregada: intervalo=6h, email=backupconectaosc@iteva.org.br
[2025-12-12 23:02:02] Diferença de horas desde último backup: 1.9988888888889
[2025-12-12 23:02:02] Ainda não atingiu o intervalo necessário.
[2025-12-13 00:02:01] Cron iniciado.
[2025-12-13 00:02:01] Config carregada: intervalo=6h, email=backupconectaosc@iteva.org.br
[2025-12-13 00:02:01] Diferença de horas desde último backup: 2.9986111111111
[2025-12-13 00:02:01] Ainda não atingiu o intervalo necessário.
[2025-12-13 01:02:01] Cron iniciado.
[2025-12-13 01:02:01] Config carregada: intervalo=6h, email=backupconectaosc@iteva.org.br
[2025-12-13 01:02:01] Diferença de horas desde último backup: 3.9986111111111
[2025-12-13 01:02:01] Ainda não atingiu o intervalo necessário.
[2025-12-13 02:02:02] Cron iniciado.
[2025-12-13 02:02:02] Config carregada: intervalo=6h, email=backupconectaosc@iteva.org.br
[2025-12-13 02:02:02] Diferença de horas desde último backup: 4.9988888888889
[2025-12-13 02:02:02] Ainda não atingiu o intervalo necessário.
[2025-12-13 03:02:02] Cron iniciado.
[2025-12-13 03:02:02] Config carregada: intervalo=6h, email=backupconectaosc@iteva.org.br
[2025-12-13 03:02:02] Diferença de horas desde último backup: 5.9988888888889
[2025-12-13 03:02:02] Ainda não atingiu o intervalo necessário.
[2025-12-13 04:02:01] Cron iniciado.
[2025-12-13 04:02:01] Config carregada: intervalo=6h, email=backupconectaosc@iteva.org.br
[2025-12-13 04:02:01] Diferença de horas desde último backup: 6.9986111111111
[2025-12-13 04:02:01] Tempo suficiente, vai rodar backup.
[2025-12-13 04:02:01] Executando comando mysqldump: mysqldump -u mwtech63_admin_matricula -pIteva@100 mwtech63_matricula > /home1/mwtech63/iteva.com.br/conectaosc/app/backup/backup_2025-12-13_04-02-01.sql
[2025-12-13 04:02:03] Arquivo de backup gerado com sucesso.
[2025-12-13 04:02:03] Tentando enviar e-mail para backupconectaosc@iteva.org.br...
[2025-12-13 04:02:03] E-mail enviado com sucesso!
[2025-12-13 04:02:03] Arquivo temporário apagado.
[2025-12-13 04:02:03] Iniciando backup das fotos...
[2025-12-13 04:02:07] Backup das fotos ZIP concluído (662 arquivos). Arquivo salvo em: /home1/mwtech63/iteva.com.br/conectaosc/app/backup/fotos/fotos_backup_2025-12-13_04-02-01.zip
[2025-12-13 04:02:07] Iniciando limpeza de ZIPs antigos...
[2025-12-13 04:02:07] Removido ZIP antigo: fotos_backup_2025-11-28_00-02-01.zip
[2025-12-13 04:02:07] Limpeza concluída. Total removido: 1 ZIPs antigos.
[2025-12-13 04:02:07] Timestamp atualizado. Processo finalizado.


[2025-12-13 05:02:01] Cron iniciado.
[2025-12-13 05:02:01] Config carregada: intervalo=6h, email=backupconectaosc@iteva.org.br
[2025-12-13 05:02:01] Diferença de horas desde último backup: 0.99833333333333
[2025-12-13 05:02:01] Ainda não atingiu o intervalo necessário.
[2025-12-13 06:02:02] Cron iniciado.
[2025-12-13 06:02:02] Config carregada: intervalo=6h, email=backupconectaosc@iteva.org.br
[2025-12-13 06:02:02] Diferença de horas desde último backup: 1.9986111111111
[2025-12-13 06:02:02] Ainda não atingiu o intervalo necessário.
[2025-12-13 07:02:01] Cron iniciado.
[2025-12-13 07:02:01] Config carregada: intervalo=6h, email=backupconectaosc@iteva.org.br
[2025-12-13 07:02:01] Diferença de horas desde último backup: 2.9983333333333
[2025-12-13 07:02:01] Ainda não atingiu o intervalo necessário.
[2025-12-15 15:17:23] Cron iniciado.
[2025-12-15 15:17:23] Config carregada: intervalo=6h, email=backupconectaosc@iteva.org.br
[2025-12-15 15:17:23] Diferença de horas desde último backup: 59.254444444444
[2025-12-15 15:17:23] Tempo suficiente, vai rodar backup.
[2025-12-15 15:17:23] Executando comando mysqldump: mysqldump -u mwtech63_admin_matricula -pIteva@100 mwtech63_matricula > /home1/mwtech63/iteva.com.br/conectaosc/app/backup/backup_2025-12-15_15-17-23.sql
[2025-12-15 15:17:24] Arquivo de backup gerado com sucesso.
[2025-12-15 15:17:24] Tentando enviar e-mail para backupconectaosc@iteva.org.br...
[2025-12-15 15:17:24] E-mail enviado com sucesso!
[2025-12-15 15:17:24] Arquivo temporário apagado.
[2025-12-15 15:17:24] Iniciando backup das fotos...
[2025-12-15 15:17:28] Backup das fotos ZIP concluído (664 arquivos). Arquivo salvo em: /home1/mwtech63/iteva.com.br/conectaosc/app/backup/fotos/fotos_backup_2025-12-15_15-17-23.zip
[2025-12-15 15:17:28] Iniciando limpeza de ZIPs antigos...
[2025-12-15 15:17:28] Removido ZIP antigo: fotos_backup_2025-11-28_07-02-01.zip
[2025-12-15 15:17:28] Removido ZIP antigo: fotos_backup_2025-11-28_14-02-02.zip
[2025-12-15 15:17:28] Removido ZIP antigo: fotos_backup_2025-11-28_21-02-02.zip
[2025-12-15 15:17:28] Removido ZIP antigo: fotos_backup_2025-11-29_04-02-02.zip
[2025-12-15 15:17:28] Removido ZIP antigo: fotos_backup_2025-11-29_11-02-01.zip
[2025-12-15 15:17:28] Removido ZIP antigo: fotos_backup_2025-11-29_18-02-02.zip
[2025-12-15 15:17:28] Removido ZIP antigo: fotos_backup_2025-11-30_01-02-02.zip
[2025-12-15 15:17:28] Removido ZIP antigo: fotos_backup_2025-11-30_08-02-02.zip
[2025-12-15 15:17:28] Removido ZIP antigo: fotos_backup_2025-11-30_15-02-02.zip
[2025-12-15 15:17:28] Limpeza concluída. Total removido: 9 ZIPs antigos.
[2025-12-15 15:17:28] Timestamp atualizado. Processo finalizado.


